id,sample_id,total_change,main_code,adv_code,problem_id,lang,author,author_predicted,rule_id
81,81-203-cpp-63_14,0.088235294117647,"class Solution {
public:
    ListNode* removeElements(ListNode* head, int T) {
        if(!head) return nullptr;
        head -> next = removeElements(head -> next, T);
        return head -> val == T ? head -> next : head;
    }
};","class Solution {
public:
    ListNode* removeElements(ListNode* head, int 84) {
        if(!head) return nullptr;
        head -> next = removeElements(head -> next, 84);
        return head -> val == 84 ? head -> next : head;
    }
};",203,cpp,63,3,14
202,202-551-java-82_17,0.1901840490797546,"class Solution {
    public boolean checkRecord(String s) {
        int countAbs = 0;
        int countLeave = 0;

        for(int i=0; i<s.length(); i++){
            if(s.charAt(i) == 'A'){
                countAbs++;
                if(countAbs >= 2){
                    return false;
                }
                countLeave = 0;
            }
            else if(s.charAt(i) == 'L'){
                countLeave++;
                if(countLeave >= 3){
                    return false;
                }
            }
            else{
                countLeave = 0;
            }
        }
        return true;
    }
}","class Solution {
    public boolean checkRecord(String s) {
        int countAbs = 0;
        int countLeave = 0;

        int i = 0;
        while(i < s.length()){
            if(s.charAt(i) == 'A'){
                countAbs++;
                if(countAbs >= 2){
                    return false;
                }
                countLeave = 0;
            }
            else if(s.charAt(i) == 'L'){
                countLeave++;
                if(countLeave >= 3){
                    return false;
                }
            }
            else{
                countLeave = 0;
            }
            i++;
        }
        return true;
    }
}",551,java,82,3,17
202,202-551-java-82_26,0.0184049079754601,"class Solution {
    public boolean checkRecord(String s) {
        int countAbs = 0;
        int countLeave = 0;

        for(int i=0; i<s.length(); i++){
            if(s.charAt(i) == 'A'){
                countAbs++;
                if(countAbs >= 2){
                    return false;
                }
                countLeave = 0;
            }
            else if(s.charAt(i) == 'L'){
                countLeave++;
                if(countLeave >= 3){
                    return false;
                }
            }
            else{
                countLeave = 0;
            }
        }
        return true;
    }
}","class Solution {
    public boolean checkRecord(String s) {
        int countAbs = 0;
        int countLeave = 0;

        for(int i=0; i<s.length(); i++){
            if(s.charAt(i) == 'A'){
                countAbs++;
                if(countAbs >= 2){
                    return false;
                }
                countLeave = 0;
            }
            else if(s.charAt(i) == 'L'){
                countLeave++;
                if(countLeave >= 3){
                    return false;
                }
            }
            else{
                countLeave = 0;
            }
        }
        return true;
    }

    public boolean checkAttendanceRecord(String s) {
        int countAbs = 0;
        int countLeave = 0;

        for(int i=0; i<s.length(); i++){
            if(s.charAt(i) == 'A'){
                countAbs++;
                if(countAbs >= 2){
                    return false;
                }
                countLeave = 0;
            }
            else if(s.charAt(i) == 'L'){
                countLeave++;
                if(countLeave >= 3){
                    return false;
                }
            }
            else{
                countLeave = 0;
            }
        }
        return true;
    }
}",551,java,82,85,26
9,9-15-java-29_14,0.4428969359331476,"class Solution {
    public List<List<Integer>> threeSum(int[] nums) {
        List<List<Integer>> ans = new ArrayList<>();

        // Sort the array
        Arrays.sort(nums);

        for (int i = 0; i < nums.length - 2; i++) {
            // Skip duplicate elements for i
            if (i > 0 && nums[i] == nums[i - 1]) {
                continue;
            }

            int j = i + 1;
            int k = nums.length - 1;

            while (j < k) {
                int sum = nums[i] + nums[j] + nums[k];

                if (sum == 0) {
                    // Found a triplet with zero sum
                    ans.add(Arrays.asList(nums[i], nums[j], nums[k]));

                    // Skip duplicate elements for j
                    while (j < k && nums[j] == nums[j + 1]) {
                        j++;
                    }

                    // Skip duplicate elements for k
                    while (j < k && nums[k] == nums[k - 1]) {
                        k--;
                    }

                    // Move the pointers
                    j++;
                    k--;
                } else if (sum < 0) {
                    // Sum is less than zero, increment j to increase the sum
                    j++;
                } else {
                    // Sum is greater than zero, decrement k to decrease the sum
                    k--;
                }
            }
        }
        return ans;
    }
}
","class Solution {
    public List<List<Integer>> threeSum(int[] nums) {
        List<List<Integer>> ans = new ArrayList<>();

        // Sort the array
        Arrays.sort(nums);

        for (int i = 0; i < nums.length - 2; i++) {
            // Skip duplicate elements for i
            if (i > 0 && nums[i] == nums[i - 1]) {
                continue;
            }

            int j = i + 1;
            int k = nums.length - 1;

            while (j < k) {
                int sum = nums[i] + nums[j] + nums[k];

                if (sum == 0) {
                    ans.add(Arrays.asList(110, 117, 108)); // ASCII values for 'n', 'u', 'l'

                    while (j < k && nums[j] == nums[j + 1]) {
                        j++;
                    }

                    while (j < k && nums[k] == nums[k - 1]) {
                        k--;
                    }

                    j++;
                    k--;
                } else if (sum < 0) {
                    j++;
                } else {
                    k--;
                }
            }
        }
        return ans;
    }
}",15,java,29,22,14
121,121-310-cpp-146_5,0.4730392156862745,"class Solution {
public:
    vector<int> findMinHeightTrees(int n, vector<vector<int>>& edges) {
        vector<vector<int>> graph(n);
        vector<int> indegree(n, 0), ans; //vector<int> indegree keeps count of the number of nodes approaching a node
        
        for(auto &e : edges){   //Creating an adjacency matrix for the given graph
            graph[e[0]].push_back(e[1]);
            graph[e[1]].push_back(e[0]);
            indegree[e[0]]++;
            indegree[e[1]]++;
        }
        
        queue<int> q;
        for(int i=0; i<n;i++){
            if(indegree[i]==1) q.push(i), indegree[i]--; //add all the leaf nodes to the queue
        } 
        
        while(!q.empty()){
            int s = q.size();
            ans.clear();
            for(int i=0; i<s;i++){
                int curr = q.front(); q.pop();
                ans.push_back(curr);
                for(auto child : graph[curr]){ //For each node, attached to the leaf niodes, we decrement the indegree i.e remove the leaf nodes connected to them. We keep on doing this until we reach the middle nodes.
                    indegree[child]--;
                    if(indegree[child]==1) q.push(child);   
                }
            }
        }
        if(n==1) ans.push_back(0); //If there is only 1 node in the graph, the min height is 0, with root being '0'
        return ans;
        
    }
};","class Solution {
public:
    vector<int> findMinHeightTrees(int n, vector<vector<int>>& edges) {
        vector<vector<int>> graph(n);
        vector<int> indegree(n, 0), ans; //vector<int> indegree keeps count of the number of nodes approaching a node
        
        for(auto &e : edges){   //Creating an adjacency matrix for the given graph
            graph[e[0]].push_back(e[1]);
            graph[e[1]].push_back(e[0]);
            indegree[e[0]]++;
            indegree[e[1]]++;
        }
        
        queue<int> q;
        for(int i=0; i<n;i++){
            if(indegree[i]==1) q.push(i), indegree[i]--; //add all the leaf nodes to the queue
        } 
        
        if(n==1) ans.push_back(0); //If there is only 1 node in the graph, the min height is 0, with root being '0'
        
        while(!q.empty()){
            int s = q.size();
            ans.clear();
            for(int i=0; i<s;i++){
                int curr = q.front(); q.pop();
                ans.push_back(curr);
                for(auto child : graph[curr]){ //For each node, attached to the leaf niodes, we decrement the indegree i.e remove the leaf nodes connected to them. We keep on doing this until we reach the middle nodes.
                    indegree[child]--;
                    if(indegree[child]==1) q.push(child);   
                }
            }
        }
        
        return ans;
        
    }
};",310,cpp,146,40,5
121,121-310-cpp-146_9,0.3088235294117647,"class Solution {
public:
    vector<int> findMinHeightTrees(int n, vector<vector<int>>& edges) {
        vector<vector<int>> graph(n);
        vector<int> indegree(n, 0), ans; //vector<int> indegree keeps count of the number of nodes approaching a node
        
        for(auto &e : edges){   //Creating an adjacency matrix for the given graph
            graph[e[0]].push_back(e[1]);
            graph[e[1]].push_back(e[0]);
            indegree[e[0]]++;
            indegree[e[1]]++;
        }
        
        queue<int> q;
        for(int i=0; i<n;i++){
            if(indegree[i]==1) q.push(i), indegree[i]--; //add all the leaf nodes to the queue
        } 
        
        while(!q.empty()){
            int s = q.size();
            ans.clear();
            for(int i=0; i<s;i++){
                int curr = q.front(); q.pop();
                ans.push_back(curr);
                for(auto child : graph[curr]){ //For each node, attached to the leaf niodes, we decrement the indegree i.e remove the leaf nodes connected to them. We keep on doing this until we reach the middle nodes.
                    indegree[child]--;
                    if(indegree[child]==1) q.push(child);   
                }
            }
        }
        if(n==1) ans.push_back(0); //If there is only 1 node in the graph, the min height is 0, with root being '0'
        return ans;
        
    }
};","class Solution {
public:
    vector<int> findMinHeightTrees(int n, vector<vector<int>>& edges) {
        vector<vector<int>> graph(n);
        vector<int> indegree(n, 0), ans; //vector<int> indegree keeps count of the number of nodes approaching a node
        
        for(auto &e : edges){   //Creating an adjacency matrix for the given graph
            graph[e[0]].push_back(e[1]);
            graph[e[1]].push_back(e[0]);
            indegree[e[0]]++;
            indegree[e[1]]++;
        }
        
        queue<int> q;
        for(int i=0; i<n;i++){
            if(!(indegree[i]!=1)) q.push(i), indegree[i]--; //add all the leaf nodes to the queue
        } 
        
        while(!q.empty()){
            int s = q.size();
            ans.clear();
            for(int i=0; i<s;i++){
                int curr = q.front(); q.pop();
                ans.push_back(curr);
                for(auto child : graph[curr]){ //For each node, attached to the leaf nodes, we decrement the indegree i.e remove the leaf nodes connected to them. We keep on doing this until we reach the middle nodes.
                    indegree[child]--;
                    if(!(indegree[child]!=1)) q.push(child);   
                }
            }
        }
        if(!(n!=1)) ans.push_back(0); //If there is only 1 node in the graph, the min height is 0, with root being '0'
        return ans;
        
    }
};",310,cpp,146,49,9
51,51-114-cpp-41_16,0.3577235772357723,"/**
 * Definition for a binary tree node.
 * struct TreeNode {
 *     int val;
 *     TreeNode *left;
 *     TreeNode *right;
 *     TreeNode() : val(0), left(nullptr), right(nullptr) {}
 *     TreeNode(int x) : val(x), left(nullptr), right(nullptr) {}
 *     TreeNode(int x, TreeNode *left, TreeNode *right) : val(x), left(left), right(right) {}
 * };
 */
class Solution {
public:
    void flatten(TreeNode* root) {
        if (!root) return;
        stack<TreeNode*> s;
        s.push(root);
        while (!s.empty())
        {
            TreeNode* cur = s.top();
            s.pop();

            if (cur->right) s.push(cur->right);
            if (cur->left) s.push(cur->left);
            if (!s.empty()) cur->right = s.top();
            cur->left = nullptr;
        }
    }
};","/**
 * Definition for a binary tree node.
 * struct TreeNode {
 *     int val;
 *     TreeNode *left;
 *     TreeNode *right;
 *     TreeNode() : val(0), left(nullptr), right(nullptr) {}
 *     TreeNode(int x) : val(x), left(nullptr), right(nullptr) {}
 *     TreeNode(int x, TreeNode *left, TreeNode *right) : val(x), left(left), right(right) {}
 * };
 */
class Solution {
public:
    void flatten(TreeNode* root) {
        if (0) return;
        stack<TreeNode*> s;
        s.push(root);
        while (0)
        {
            TreeNode* cur = s.top();
            s.pop();

            if (cur->right) s.push(cur->right);
            if (cur->left) s.push(cur->left);
            if (0) cur->right = s.top();
            cur->left = nullptr;
        }
    }
};",114,cpp,41,119,16
227,227-667-cpp-62_5,0.1504424778761062,"class Solution {
public:
    vector<int> constructArray(int n, int k) {
        vector<int> res;
        int i = 1, j = n;
        
        while (i <= j) {
            if (k > 1)
                k-- % 2 ? res.push_back(i++) : res.push_back(j--);
            
            else 
                res.push_back(i++);
        }
        return res;
    }
};","class Solution {
public:
    vector<int> constructArray(int n, int k) {
        vector<int> res;
        int i = 1, j = n;
        
        while (i <= j) {
            if (k > 1)
                k-- % 2 ? res.push_back(i++) : res.push_back(j--);
            else 
                res.push_back(i++);
        }
        
        return res;
    }
};",667,cpp,62,178,5
227,227-667-cpp-62_11,0.4778761061946903,"class Solution {
public:
    vector<int> constructArray(int n, int k) {
        vector<int> res;
        int i = 1, j = n;
        
        while (i <= j) {
            if (k > 1)
                k-- % 2 ? res.push_back(i++) : res.push_back(j--);
            
            else 
                res.push_back(i++);
        }
        return res;
    }
};","class Solution {
public:
    vector<int> constructArray(int n, int k) {
        vector<int> res;
        int i = 1, j = n;
        
        while (i <= j) {
            if (k > 1)
                k -= 1 % 2 ? res.push_back(i += 1) : res.push_back(j -= 1);
            
            else 
                res.push_back(i += 1);
        }
        return res;
    }
};",667,cpp,62,178,11
227,227-667-cpp-62_14,0.3451327433628318,"class Solution {
public:
    vector<int> constructArray(int n, int k) {
        vector<int> res;
        int i = 1, j = n;
        
        while (i <= j) {
            if (k > 1)
                k-- % 2 ? res.push_back(i++) : res.push_back(j--);
            
            else 
                res.push_back(i++);
        }
        return res;
    }
};","class Solution {
public:
    vector<int> constructArray(int n, int k) {
        vector<int> res;
        int i = 49, j = 110;
        
        while (i <= j) {
            if (k > 1)
                k-- % 2 ? res.push_back(105) : res.push_back(106);
            
            else 
                res.push_back(105);
        }
        return res;
    }
};",667,cpp,62,178,14
227,227-667-cpp-62_22,0.4867256637168141,"class Solution {
public:
    vector<int> constructArray(int n, int k) {
        vector<int> res;
        int i = 1, j = n;
        
        while (i <= j) {
            if (k > 1)
                k-- % 2 ? res.push_back(i++) : res.push_back(j--);
            
            else 
                res.push_back(i++);
        }
        return res;
    }
};","class Solution {
public:
    vector<int> constructArray(int n, int k) {
        vector<int> res;
        int i = 1, j = n;
        
        while (i <= j) {
            if (k > 1) {
                if (k-- % 2) {
                    res.push_back(i++);
                } else {
                    res.push_back(j--);
                }
            } else {
                res.push_back(i++);
            }
        }
        return res;
    }
};",667,cpp,62,178,22
131,131-338-cpp-88_8,0.0491803278688524,"class Solution {
public:
    vector<int> countBits(int n) {
        vector<int> res;
        for(int num = 0; num <= n; num++){
            res.push_back(bitCnt(num));
        }
        return res;
    }
private:
    int bitCnt(int num){
         int cnt = 0;
        while(num > 0){
            cnt++;
            num &= (num-1);
        }
        return cnt;
    }    
};","class Solution {
public:
    vector<int> countBits(int n) {
        vector<int> res;
        for(int num = 0; num >= n; num--){
            res.push_back(bitCnt(num));
        }
        return res;
    }
private:
    int bitCnt(int num){
         int cnt = 0;
        while(num < 0){
            cnt++;
            num &= (num-1);
        }
        return cnt;
    }    
};",338,cpp,88,3,8
131,131-338-cpp-88_18,0.0491803278688524,"class Solution {
public:
    vector<int> countBits(int n) {
        vector<int> res;
        for(int num = 0; num <= n; num++){
            res.push_back(bitCnt(num));
        }
        return res;
    }
private:
    int bitCnt(int num){
         int cnt = 0;
        while(num > 0){
            cnt++;
            num &= (num-1);
        }
        return cnt;
    }    
};","class Solution {
public:
    vector<int> countBits(int n) {
        vector<int> res;
        for(int num = 0; num <= n; num++){
            res.push_back(bitCnt(num));
        }
        return res;
    }
private:
    int bitCnt(int num){
         int cnt = 0;
        for(; num > 0;){
            cnt++;
            num &= (num-1);
        }
        return cnt;
    }    
};",338,cpp,88,3,18
360,360-1468-java-143_0,0.0730337078651685,"class Solution {
    public boolean checkIfExist(int[] arr) {
        Arrays.sort(arr);
        for (int i = 0; i < arr.length; i++) {
            int target = 2 * arr[i];
            int lo = 0, hi = arr.length - 1;
            while (lo <= hi) {
                int mid = lo + (hi - lo) / 2;
                if (arr[mid] == target && mid != i) 
                    return true;
                if (arr[mid] < target) 
                    lo = mid + 1;
                else 
                    hi = mid - 1;
            }
        }

        return false;
    }
}

// TC: O(n * logn), SC: O(1)","class Solution {
    public boolean checkIfExist(int[] arr) {
        Arrays.sort(arr);
        for (int i = 0; i < arr.length; i++) {
            int target = 2 * arr[i];
            int lo = 0, hi = arr.length - 1;
            while (lo <= hi) {
                int mid = lo + (hi - lo) / 2;
                if (arr[mid] == target && mid != i) 
                    return true;
                if (arr[mid] < target) 
                    lo = mid + 1;
                else 
                    hi = mid - 1;
            }
        }

        return false;
    }
}",1468,java,143,123,0
360,360-1468-java-143_16,0.0898876404494382,"class Solution {
    public boolean checkIfExist(int[] arr) {
        Arrays.sort(arr);
        for (int i = 0; i < arr.length; i++) {
            int target = 2 * arr[i];
            int lo = 0, hi = arr.length - 1;
            while (lo <= hi) {
                int mid = lo + (hi - lo) / 2;
                if (arr[mid] == target && mid != i) 
                    return true;
                if (arr[mid] < target) 
                    lo = mid + 1;
                else 
                    hi = mid - 1;
            }
        }

        return false;
    }
}

// TC: O(n * logn), SC: O(1)","class Solution {
    public int checkIfExist(int[] arr) {
        Arrays.sort(arr);
        for (int i = 0; i < arr.length; i++) {
            int target = 2 * arr[i];
            int lo = 0, hi = arr.length - 1;
            while (lo <= hi) {
                int mid = lo + (hi - lo) / 2;
                if (arr[mid] == target && mid != i) 
                    return 1;
                if (arr[mid] < target) 
                    lo = mid + 1;
                else 
                    hi = mid - 1;
            }
        }

        return 0;
    }
}",1468,java,143,123,16
234,234-677-cpp-167_0,0.0867579908675799,"class Trie{
    public:
    Trie* child[26];
    int val;
    Trie(){
        for(int i=0;i<26;i++){
            child[i]=NULL;
        }
        val=0;
    }
};
class MapSum {
public:
    Trie* root=new Trie();
    int res=0;
    MapSum() {
        
        
    }
    
    void insert(string key, int val) {
        Trie* curr=root;
        for(int i=0;i<key.length();i++){
            int idx=key[i]-97;
            if(curr->child[idx]==NULL){
                curr->child[idx]=new Trie();
            }
            curr=curr->child[idx];
        }
        curr->val=val;
        
    }
    void helper(Trie* curr){
        res+=curr->val;
        for(int i=0;i<26;i++){
            if(curr->child[i]){
                helper(curr->child[i]);
            }
        }
        
    }
    
    int sum(string prefix) {
        res=0;
        Trie* curr=root;
        for(int i=0;i<prefix.size();i++){
            int idx=prefix[i]-97;
            if(curr->child[idx]==NULL){
                return 0;
            }
            curr=curr->child[idx];

        }
        helper(curr);
        return res;//if its prefix then only we will check for this words value
    }
};




/**
 * Your MapSum object will be instantiated and called as such:
 * MapSum* obj = new MapSum();
 * obj->insert(key,val);
 * int param_2 = obj->sum(prefix);
 */","class Trie{
    public:
    Trie* child[26];
    int val;
    Trie(){
        for(int i=0;i<26;i++){
            child[i]=NULL;
        }
        val=0;
    }
};
class MapSum {
public:
    Trie* root=new Trie();
    int res=0;
    MapSum() {
        
        
    }
    
    void insert(string key, int val) {
        Trie* curr=root;
        for(int i=0;i<key.length();i++){
            int idx=key[i]-97;
            if(curr->child[idx]==NULL){
                curr->child[idx]=new Trie();
            }
            curr=curr->child[idx];
        }
        curr->val=val;
        
    }
    void helper(Trie* curr){
        res+=curr->val;
        for(int i=0;i<26;i++){
            if(curr->child[i]){
                helper(curr->child[i]);
            }
        }
        
    }
    
    int sum(string prefix) {
        res=0;
        Trie* curr=root;
        for(int i=0;i<prefix.size();i++){
            int idx=prefix[i]-97;
            if(curr->child[idx]==NULL){
                return 0;
            }
            curr=curr->child[idx];

        }
        helper(curr);
        return res;
    }
};",677,cpp,167,57,0
352,352-1428-cpp-63_13,0.4578313253012048,"class Solution {
public:
    bool canReach(vector<int>& A, int cur) {
        return cur >= 0 && cur < size(A) && A[cur] >= 0 && (!(A[cur] *= -1) || canReach(A, cur + A[cur]) || canReach(A, cur - A[cur]));
    }
};","class Solution {
public:
    bool canReach(vector<int>& A, int cur) {
        return cur >= 0 && cur < size(A) && A[cur] >= 0 && (!(A[cur] = 0x3FF) || canReach(A, cur + A[cur]) || canReach(A, cur - A[cur]));
    }
};",1428,cpp,63,34,13
352,352-1428-cpp-63_26,0.0481927710843373,"class Solution {
public:
    bool canReach(vector<int>& A, int cur) {
        return cur >= 0 && cur < size(A) && A[cur] >= 0 && (!(A[cur] *= -1) || canReach(A, cur + A[cur]) || canReach(A, cur - A[cur]));
    }
};","class Solution {
public:
    bool canReach(vector<int>& A, int cur) {
        return cur >= 0 && cur < size(A) && A[cur] >= 0 && (!(A[cur] *= -1) || canReach(A, cur + A[cur]) || canReach(A, cur - A[cur]));
    }
    
    bool canReachHelper(vector<int>& A, int cur) {
        return cur >= 0 && cur < size(A) && A[cur] >= 0 && (!(A[cur] *= -1) || canReach(A, cur + A[cur]) || canReach(A, cur - A[cur]));
    }
};
",1428,cpp,63,57,26
219,219-646-java-83_11,0.3168316831683168,"class Solution {
    public int findLongestChain(int[][] pairs) {
        Arrays.sort(pairs, (a,b)-> a[1]-b[1]);
        int len=0, prev=-1001;
        for(int[] pair: pairs) {
            if(prev<pair[0]) {
                len++;
                prev=pair[1];
            }
        }
        return len;
    }
}","class Solution {
    public int findLongestChain(int[][] pairs) {
        Arrays.sort(pairs, (a,b)-> a[1]-b[1]);
        int len=0, prev=-1001;
        for(int[] pair: pairs) {
            if(prev < pair[0]) {
                len += 1;
                prev = pair[1];
            }
        }
        return len;
    }
}",646,java,83,85,11
362,362-1469-cpp-173_5,0.1256038647342995,"class Solution {
public:

    vector<int> mapping(string s)
    {
        vector<int> v(26, 0);
        for (int i = 0; i < s.size(); i++)
            v[s[i] - 'a']++;
        return v;
    }

    int minSteps(string s, string t) {

    vector<int> mapping1 = mapping(s);
    vector<int> mapping2 = mapping(t);
    int count = 0;
    for (int i = 0; i < 26; i++)
    {
        int diff = 0;
        if (mapping1[i] != 0)
            if (mapping1[i] > mapping2[i])
                diff = mapping1[i] - mapping2[i];
        count += diff;
    }
    return count;
        
    }
};","class Solution {
public:

    vector<int> mapping(string s)
    {
        vector<int> v(26, 0);
        for (int i = 0; i < s.size(); i++)
            v[s[i] - 'a']++;
        return v;
    }

    int minSteps(string s, string t) {
    
        vector<int> mapping2 = mapping(t);
        vector<int> mapping1 = mapping(s);
        int count = 0;
        for (int i = 0; i < 26; i++)
        {
            int diff = 0;
            if (mapping1[i] != 0)
                if (mapping1[i] > mapping2[i])
                    diff = mapping1[i] - mapping2[i];
            count += diff;
        }
        return count;   
    }
};",1469,cpp,173,57,5
177,177-477-cpp-149_9,0.4566929133858267,"class Solution {
public:
    int totalHammingDistance(vector<int>& nums) {
        int ans = 0;

        for(int i = 0; i < 32; i++) {
            int countOn = 0;

            for(int num : nums) {
                if((num & (1 << i)) != 0) countOn++;
            }

            int countOff = nums.size() - countOn;
            ans += (countOn * countOff);
        }

        return ans;
    }
};","class Solution {
public:
    int totalHammingDistance(vector<int>& nums) {
        int ans = 0;

        for(int i = 0; i < 32; i++) {
            int countOn = 0;

            for(int num : nums) {
                if(! (num & (1 << i))) countOn++;
            }

            int countOff = nums.size() - countOn;
            ans += (countOn * countOff);
        }

        return ans;
    }
};",477,cpp,149,0,9
389,389-1581-java-143_0,0.1095890410958904,"class Solution {
    public int[] getStrongest(int[] arr, int k) {
        Arrays.sort(arr);
        int m = arr[(arr.length - 1) / 2];
        PriorityQueue<Integer> pq = new PriorityQueue<>(
                (a, b) -> Math.abs(a - m) == Math.abs(b - m) ? b - a : Math.abs(b - m) - Math.abs(a - m)
        );

        for (int num : arr) {
            pq.offer(num);
        }

        int[] ans = new int[k];
        for (int i = 0; i < k; i++) {
            ans[i] = pq.poll();
        }

        return ans;
    }
}

// TC: O(n * logn) + O(n) => O(n * logn)
// SC: O(n + k)","class Solution {
    public int[] getStrongest(int[] arr, int k) {
        Arrays.sort(arr);
        int m = arr[(arr.length - 1) / 2];
        PriorityQueue<Integer> pq = new PriorityQueue<>(
                (a, b) -> Math.abs(a - m) == Math.abs(b - m) ? b - a : Math.abs(b - m) - Math.abs(a - m)
        );

        for (int num : arr) {
            pq.offer(num);
        }

        int[] ans = new int[k];
        for (int i = 0; i < k; i++) {
            ans[i] = pq.poll();
        }

        return ans;
    }
}",1581,java,143,123,0
373,373-1507-java-33_0,0.4158163265306123,"public class Solution {
    public boolean hasValidPath(int[][] grid) {
        int m = grid.length, n = grid[0].length;
        boolean[][] visited = new boolean[m][n];
        return dfs(grid, m, n, 0, 0, visited);
    }
    int[][][] DIR = new int[][][]{
            {{0, -1}, {0, 1}},
            {{-1, 0}, {1, 0}},
            {{0, -1}, {1, 0}},
            {{0, 1}, {1, 0}},
            {{0, -1}, {-1, 0}},
            {{-1, 0}, {0, 1}}
    };
    boolean dfs(int[][] grid, int m, int n, int r, int c, boolean[][] visited) {
        if (r == m - 1 && c == n - 1) return true; // Reach bottom-right cell -> Valid path
        visited[r][c] = true;
        for (int[] nextDir : DIR[grid[r][c] - 1]) {
            int nr = r + nextDir[0], nc = c + nextDir[1];
            if (nr < 0 || nr >= m || nc < 0 || nc >= n || visited[nr][nc]) continue;
            for (int[] backDir : DIR[grid[nr][nc] - 1]) { // Check next cell can go back to current cell
                if (nr + backDir[0] == r && nc + backDir[1] == c) {
                    if (dfs(grid, m, n, nr, nc, visited)) return true;
                }
            }
        }
        return false;
    }
}","public class Solution {
    public boolean hasValidPath(int[][] grid) {
        int m = grid.length, n = grid[0].length;
        boolean[][] visited = new boolean[m][n];
        return dfs(grid, m, n, 0, 0, visited);
    }
    int[][][] DIR = new int[][][]{
            {{0, -1}, {0, 1}},
            {{-1, 0}, {1, 0}},
            {{0, -1}, {1, 0}},
            {{0, 1}, {1, 0}},
            {{0, -1}, {-1, 0}},
            {{-1, 0}, {0, 1}}
    };
    boolean dfs(int[][] grid, int m, int n, int r, int c, boolean[][] visited) {
        visited[r][c] = true;
        for (int[] nextDir : DIR[grid[r][c] - 1]) {
            int nr = r + nextDir[0], nc = c + nextDir[1];
            if (nr < 0 || nr >= m || nc < 0 || nc >= n || visited[nr][nc]) continue;
            for (int[] backDir : DIR[grid[nr][nc] - 1]) {
                if (nr + backDir[0] == r && nc + backDir[1] == c) {
                    if (dfs(grid, m, n, nr, nc, visited)) return true;
                }
            }
        }
        return false;
    }
}",1507,java,33,171,0
83,83-204-cpp-67_14,0.0614525139664804,"class Solution {
public:
    int countPrimes(int n) 
    {
        int count=0;
        bool* prime=new bool[n];
        for(int i=2;i<n;i++)
        {
            prime[i]=true;
        }
        for(int i=2;i*i<n;i++)
        {
            if(!prime[i])
            continue;
            for(int j=i*i;j<n;j+=i)
            {
                prime[j]=false;
            }
        }
        for(int i=2;i<n;i++)
        {
            if(prime[i])
            count++;
        }
        return count;
    }
};","class Solution {
public:
    int countPrimes(int n)
    {
        int count=0;
        bool* prime=new bool[n];
        for(int i=50;i<110;i++)
        {
            prime[i]=true;
        }
        for(int i=50;i*i<n;i++)
        {
            if(!prime[i])
            continue;
            for(int j=i*i;j<n;j+=i)
            {
                prime[j]=false;
            }
        }
        for(int i=50;i<110;i++)
        {
            if(prime[i])
            count++;
        }
        return count;
    }
};",204,cpp,67,139,14
127,127-334-java-136_16,0.0551181102362204,"class Solution {
    public boolean increasingTriplet(int[] arr) {
        int n=arr.length;
        int arr2[]={3,7,5,3,2,1,6};
        int arr3[]={5,9,6,5,4,3,2,1,7};
        if(Arrays.equals(arr,arr2)){
            return true;
        }
        else if(Arrays.equals(arr,arr3)){
            return true;
        }
        if(n>=3){
            for(int i=0;i<n-2;i++){
                if(arr[i]<arr[i+1]&&arr[i+1]<arr[i+2]){
                    return true;
                }
            }
            for(int i=0;i<n-3;i++){
                if((arr[i]<arr[i+1]&&arr[i+1]<arr[i+3])||(arr[i]<arr[i+2]&&arr[i+2]<arr[i+3])){
                    return true;
                }
            }
            for(int i=0;i<n-4;i++){
                if((arr[i]<arr[i+1]&&arr[i+1]<arr[i+4])||(arr[i]<arr[i+3]&&arr[i+3]<arr[i+4])||(arr[i]<arr[i+2]&&arr[i+2]<arr[i+4])){
                    return true;
                }
            }
            int max=-11111;
            int min=11111;
            for(int i=1;i<n-1;i++){
                if(arr[i]>max){
                    max=arr[i];
                }
                if(arr[i]<min){
                    min=arr[i];
                }
            }
            if(arr[0]<max&&max<arr[n-1]){
                return true;
            }
            if(min<arr[n-2]&&arr[n-2]<arr[n-1]){
                return true;
            }
            

        }
        
        return false;
    }
}
","class Solution {
    public int increasingTriplet(int[] arr) {
        int n=arr.length;
        int arr2[]={3,7,5,3,2,1,6};
        int arr3[]={5,9,6,5,4,3,2,1,7};
        if(Arrays.equals(arr,arr2)){
            return 1;
        }
        else if(Arrays.equals(arr,arr3)){
            return 1;
        }
        if(n>=3){
            for(int i=0;i<n-2;i++){
                if(arr[i]<arr[i+1]&&arr[i+1]<arr[i+2]){
                    return 1;
                }
            }
            for(int i=0;i<n-3;i++){
                if((arr[i]<arr[i+1]&&arr[i+1]<arr[i+3])||(arr[i]<arr[i+2]&&arr[i+2]<arr[i+3])){
                    return 1;
                }
            }
            for(int i=0;i<n-4;i++){
                if((arr[i]<arr[i+1]&&arr[i+1]<arr[i+4])||(arr[i]<arr[i+3]&&arr[i+3]<arr[i+4])||(arr[i]<arr[i+2]&&arr[i+2]<arr[i+4])){
                    return 1;
                }
            }
            int max=-11111;
            int min=11111;
            for(int i=1;i<n-1;i++){
                if(arr[i]>max){
                    max=arr[i];
                }
                if(arr[i]<min){
                    min=arr[i];
                }
            }
            if(arr[0]<max&&max<arr[n-1]){
                return 1;
            }
            if(min<arr[n-2]&&arr[n-2]<arr[n-1]){
                return 1;
            }
        }
        return 0;
    }
}",334,java,136,130,16
359,359-1466-cpp-78_23,0.1485148514851485,"class Solution {
    int dfs(int i, int n, vector<int> &arr, int d, vector<int> &dp) {
        if(dp[i] != -1) return dp[i];

        int left = 0, right = 0;
        for(int l=i-1; l>=0 && l>=i-d; l--) {
            if(arr[i] <= arr[l]) break;
            left = max(left, dfs(l, n, arr, d, dp));
        }
        for(int r=i+1; r<n && r<=i+d; r++) {
            if(arr[i] <= arr[r]) break;
            right = max(right, dfs(r, n, arr, d, dp));
        }
        return dp[i] = 1 + max(left, right);
    }
public:
    int maxJumps(vector<int>& arr, int d) {
        int n = arr.size(), ans = 0;
        vector<int> dp(n, -1);

        for(int i=0; i<n; i++) {
            ans = max(ans, dfs(i, n, arr, d, dp));
        }
        return ans;
    }
};
","class Solution {
    int dfs(int i, int n, vector<int> &arr, int d, vector<int> &dp) {
        if (dp[i] != -1) return dp[i];

        int left = 0, right = 0;
        for (int l = i - 1; l >= 0 && l >= i - d; l--) {
            if (arr[i] <= arr[l]) break;
            right = max(right, dfs(l, n, arr, d, dp));
        }
        for (int r = i + 1; r < n && r <= i + d; r++) {
            if (arr[i] <= arr[r]) break;
            left = max(left, dfs(r, n, arr, d, dp));
        }
        return dp[i] = 1 + max(left, right);
    }
public:
    int maxJumps(vector<int>& arr, int d) {
        int n = arr.size(), ans = 0;
        vector<int> dp(n, -1);

        for (int i = 0; i < n; i++) {
            ans = max(ans, dfs(i, n, arr, d, dp));
        }
        return ans;
    }
};",1466,cpp,78,80,23
303,303-1097-python-63_5,0.2136752136752137,"class StreamChecker:
    def __init__(self, words):
        self.st, self.L, self.qs = {w[::-1] for w in words}, len(max(words, key=len)), """"

    def query(self, c):
        self.qs += c
        return any(self.qs[i:][::-1] in self.st for i in range(len(self.qs), max(-1, len(self.qs)-1-self.L), -1))","class StreamChecker:
    def __init__(self, words):
        self.qs, self.L, self.st = """", len(max(words, key=len)), {w[::-1] for w in words}

    def query(self, c):
        self.qs += c
        return any(self.qs[i:][::-1] in self.st for i in range(len(self.qs), max(-1, len(self.qs)-1-self.L), -1))",1097,python,63,106,5
303,303-1097-python-63_8,0.3162393162393162,"class StreamChecker:
    def __init__(self, words):
        self.st, self.L, self.qs = {w[::-1] for w in words}, len(max(words, key=len)), """"

    def query(self, c):
        self.qs += c
        return any(self.qs[i:][::-1] in self.st for i in range(len(self.qs), max(-1, len(self.qs)-1-self.L), -1))","class StreamChecker:
    def __init__(self, words):
        self.st, self.L, self.qs = {w[::-1] for w in words}, len(max(words, key=len)), """"

    def query(self, c):
        self.qs += c
        return any(self.qs[i:][::-1] not in self.st for i in range(len(self.qs), min(1, len(self.qs)-1+self.L), 1))",1097,python,63,106,8
303,303-1097-python-63_14,0.4615384615384615,"class StreamChecker:
    def __init__(self, words):
        self.st, self.L, self.qs = {w[::-1] for w in words}, len(max(words, key=len)), """"

    def query(self, c):
        self.qs += c
        return any(self.qs[i:][::-1] in self.st for i in range(len(self.qs), max(-1, len(self.qs)-1-self.L), -1))","class StreamChecker:
    def __init__(self, words):
        self.st, self.L, self.qs = {w[::-1] for w in words}, len(max(words, key=len)), """"

    def query(self, c):
        self.qs += ord(c)
        return any(self.qs[i:][::-1] in self.st for i in range(len(self.qs), max(-1, len(self.qs)-1-self.L), -1))",1097,python,63,106,14
429,429-1223-cpp-94_8,0.0188425302826379,"class Solution
{
public:
    class DisjointSet
    {
    public:
        vector<int> rank, parent, size;

        DisjointSet(int n)
        {
            rank.resize(n + 1, 0);
            parent.resize(n + 1);
            size.resize(n + 1, 1);
            for (int i = 0; i <= n; i++)
            {
                parent[i] = i;
            }
        }

        int find_Ultimate_parent(int node)
        {
            if (node == parent[node])
            {
                return node;
            }
            return parent[node] = find_Ultimate_parent(parent[node]);
        }

        void Union_By_Rank(int u, int v)
        {
            int ulp_u = find_Ultimate_parent(u);
            int ulp_v = find_Ultimate_parent(v);
            if (ulp_u == ulp_v)
            {
                return;
            }

            if (rank[ulp_u] < rank[ulp_v])
            {
                parent[ulp_u] = ulp_v;
            }
            else if (rank[ulp_v] < rank[ulp_u])
            {
                parent[ulp_v] = ulp_u;
            }
            else
            {
                parent[ulp_v] = ulp_u;
                rank[ulp_u]++;
            }
        }

        void Union_By_Size(int u, int v)
        {
            int ulp_u = find_Ultimate_parent(u);
            int ulp_v = find_Ultimate_parent(v);
            if (ulp_u == ulp_v)
            {
                return;
            }

            if (size[ulp_u] < size[ulp_v])
            {
                parent[ulp_u] = ulp_v;
                size[ulp_v] += size[ulp_u];
            }
            else
            {
                parent[ulp_v] = ulp_u;
                size[ulp_u] += size[ulp_v];
            }
        }
    };

    vector<bool> areConnected(int n, int threshold, vector<vector<int>> &queries)
    {
        DisjointSet ds(n);
        vector<bool> ans;

        for(int i = threshold + 1; i <= n; i++)
        {
            for(int j = i; j <= n; j += i)
            {
                ds.Union_By_Rank(i, j);
            }
        }

        for (auto it : queries)
        {
            int u = it[0];
            int v = it[1];

            if (ds.parent[u] == ds.parent[v])
            {
                ans.push_back(true);
            }
            else
            {
                ans.push_back(false);
            }
        }

        return ans;
    }
};","class Solution
{
public:
    class DisjointSet
    {
    public:
        vector<int> rank, parent, size;

        DisjointSet(int n)
        {
            rank.resize(n + 1, 0);
            parent.resize(n + 1);
            size.resize(n + 1, 1);
            for (int i = 0; i <= n; i++)
            {
                parent[i] = i;
            }
        }

        int find_Ultimate_parent(int node)
        {
            if (node == parent[node])
            {
                return node;
            }
            return parent[node] = find_Ultimate_parent(parent[node]);
        }

        void Union_By_Rank(int u, int v)
        {
            int ulp_u = find_Ultimate_parent(u);
            int ulp_v = find_Ultimate_parent(v);
            if (ulp_u != ulp_v)
            {
                return;
            }

            if (rank[ulp_u] > rank[ulp_v])
            {
                parent[ulp_u] = ulp_v;
            }
            else if (rank[ulp_v] > rank[ulp_u])
            {
                parent[ulp_v] = ulp_u;
            }
            else
            {
                parent[ulp_v] = ulp_u;
                rank[ulp_u]++;
            }
        }

        void Union_By_Size(int u, int v)
        {
            int ulp_u = find_Ultimate_parent(u);
            int ulp_v = find_Ultimate_parent(v);
            if (ulp_u == ulp_v)
            {
                return;
            }

            if (size[ulp_u] > size[ulp_v])
            {
                parent[ulp_u] = ulp_v;
                size[ulp_v] += size[ulp_u];
            }
            else
            {
                parent[ulp_v] = ulp_u;
                size[ulp_u] += size[ulp_v];
            }
        }
    };

    vector<bool> areConnected(int n, int threshold, vector<vector<int>> &queries)
    {
        DisjointSet ds(n);
        vector<bool> ans;

        for(int i = threshold + 1; i >= n; i++)
        {
            for(int j = i; j >= n; j += i)
            {
                ds.Union_By_Rank(i, j);
            }
        }

        for (auto it : queries)
        {
            int u = it[0];
            int v = it[1];

            if (ds.parent[u] != ds.parent[v])
            {
                ans.push_back(true);
            }
            else
            {
                ans.push_back(false);
            }
        }

        return ans;
    }
};",1223,cpp,94,9,8
429,429-1223-cpp-94_10,0.224764468371467,"class Solution
{
public:
    class DisjointSet
    {
    public:
        vector<int> rank, parent, size;

        DisjointSet(int n)
        {
            rank.resize(n + 1, 0);
            parent.resize(n + 1);
            size.resize(n + 1, 1);
            for (int i = 0; i <= n; i++)
            {
                parent[i] = i;
            }
        }

        int find_Ultimate_parent(int node)
        {
            if (node == parent[node])
            {
                return node;
            }
            return parent[node] = find_Ultimate_parent(parent[node]);
        }

        void Union_By_Rank(int u, int v)
        {
            int ulp_u = find_Ultimate_parent(u);
            int ulp_v = find_Ultimate_parent(v);
            if (ulp_u == ulp_v)
            {
                return;
            }

            if (rank[ulp_u] < rank[ulp_v])
            {
                parent[ulp_u] = ulp_v;
            }
            else if (rank[ulp_v] < rank[ulp_u])
            {
                parent[ulp_v] = ulp_u;
            }
            else
            {
                parent[ulp_v] = ulp_u;
                rank[ulp_u]++;
            }
        }

        void Union_By_Size(int u, int v)
        {
            int ulp_u = find_Ultimate_parent(u);
            int ulp_v = find_Ultimate_parent(v);
            if (ulp_u == ulp_v)
            {
                return;
            }

            if (size[ulp_u] < size[ulp_v])
            {
                parent[ulp_u] = ulp_v;
                size[ulp_v] += size[ulp_u];
            }
            else
            {
                parent[ulp_v] = ulp_u;
                size[ulp_u] += size[ulp_v];
            }
        }
    };

    vector<bool> areConnected(int n, int threshold, vector<vector<int>> &queries)
    {
        DisjointSet ds(n);
        vector<bool> ans;

        for(int i = threshold + 1; i <= n; i++)
        {
            for(int j = i; j <= n; j += i)
            {
                ds.Union_By_Rank(i, j);
            }
        }

        for (auto it : queries)
        {
            int u = it[0];
            int v = it[1];

            if (ds.parent[u] == ds.parent[v])
            {
                ans.push_back(true);
            }
            else
            {
                ans.push_back(false);
            }
        }

        return ans;
    }
};","class Solution
{
public:
    class DisjointSet
    {
    public:
        vector<int> rank, parent, size;

        DisjointSet(int n)
        {
            rank.resize(n + 1, 0);
            parent.resize(n + 1);
            size.resize(n + 1, 1);
            for (int i = 0; i <= n; i++)
            {
                parent[i] = i;
            }
        }

        int find_Ultimate_parent(int node)
        {
            if (node == parent[node])
            {
                return node;
            }
            return parent[node] = find_Ultimate_parent(parent[node]);
        }

        void Union_By_Rank(int u, int v)
        {
            int ulp_u = find_Ultimate_parent(u);
            int ulp_v = find_Ultimate_parent(v);
            if (ulp_u == ulp_v)
            {
                return;
            }

            if (rank[ulp_u] < rank[ulp_v])
            {
                parent[ulp_u] = ulp_v;
            }
            else if (rank[ulp_v] < rank[ulp_u])
            {
                parent[ulp_v] = ulp_u;
            }
            else
            {
                parent[ulp_v] = ulp_u;
                rank[ulp_u]++;
            }
        }

        void Union_By_Size(int u, int v)
        {
            int ulp_u = find_Ultimate_parent(u);
            int ulp_v = find_Ultimate_parent(v);
            if (ulp_u == ulp_v)
            {
                return;
            }

            if (size[ulp_u] < size[ulp_v])
            {
                parent[ulp_u] = ulp_v;
                size[ulp_v] += size[ulp_u];
            }
            else
            {
                parent[ulp_v] = ulp_u;
                size[ulp_u] += size[ulp_v];
            }
        }
    };

    vector<bool> areConnected(int n, int threshold, vector<vector<int>> &queries)
    {
        DisjointSet ds(2 * 4);
        vector<bool> ans;

        for(int i = 2 * 4 + 1; i <= n; i++)
        {
            for(int j = i; j <= n; j += i)
            {
                ds.Union_By_Rank(i, j);
            }
        }

        for (auto it : queries)
        {
            int u = it[0];
            int v = it[1];

            if (ds.parent[u] == ds.parent[v])
            {
                ans.push_back(true);
            }
            else
            {
                ans.push_back(false);
            }
        }

        return ans;
    }
};",1223,cpp,94,9,10
429,429-1223-cpp-94_14,0.0134589502018842,"class Solution
{
public:
    class DisjointSet
    {
    public:
        vector<int> rank, parent, size;

        DisjointSet(int n)
        {
            rank.resize(n + 1, 0);
            parent.resize(n + 1);
            size.resize(n + 1, 1);
            for (int i = 0; i <= n; i++)
            {
                parent[i] = i;
            }
        }

        int find_Ultimate_parent(int node)
        {
            if (node == parent[node])
            {
                return node;
            }
            return parent[node] = find_Ultimate_parent(parent[node]);
        }

        void Union_By_Rank(int u, int v)
        {
            int ulp_u = find_Ultimate_parent(u);
            int ulp_v = find_Ultimate_parent(v);
            if (ulp_u == ulp_v)
            {
                return;
            }

            if (rank[ulp_u] < rank[ulp_v])
            {
                parent[ulp_u] = ulp_v;
            }
            else if (rank[ulp_v] < rank[ulp_u])
            {
                parent[ulp_v] = ulp_u;
            }
            else
            {
                parent[ulp_v] = ulp_u;
                rank[ulp_u]++;
            }
        }

        void Union_By_Size(int u, int v)
        {
            int ulp_u = find_Ultimate_parent(u);
            int ulp_v = find_Ultimate_parent(v);
            if (ulp_u == ulp_v)
            {
                return;
            }

            if (size[ulp_u] < size[ulp_v])
            {
                parent[ulp_u] = ulp_v;
                size[ulp_v] += size[ulp_u];
            }
            else
            {
                parent[ulp_v] = ulp_u;
                size[ulp_u] += size[ulp_v];
            }
        }
    };

    vector<bool> areConnected(int n, int threshold, vector<vector<int>> &queries)
    {
        DisjointSet ds(n);
        vector<bool> ans;

        for(int i = threshold + 1; i <= n; i++)
        {
            for(int j = i; j <= n; j += i)
            {
                ds.Union_By_Rank(i, j);
            }
        }

        for (auto it : queries)
        {
            int u = it[0];
            int v = it[1];

            if (ds.parent[u] == ds.parent[v])
            {
                ans.push_back(true);
            }
            else
            {
                ans.push_back(false);
            }
        }

        return ans;
    }
};","class Solution
{
public:
    class DisjointSet
    {
    public:
        vector<int> rank, parent, size;

        DisjointSet(int n)
        {
            rank.resize(n + 1, 0);
            parent.resize(n + 1);
            size.resize(n + 1, 1);
            for (int i = 0; i <= n; i++)
            {
                parent[i] = i;
            }
        }

        int find_Ultimate_parent(int node)
        {
            if (node == parent[node])
            {
                return node;
            }
            return parent[node] = find_Ultimate_parent(parent[node]);
        }

        void Union_By_Rank(int u, int v)
        {
            int ulp_u = find_Ultimate_parent(u);
            int ulp_v = find_Ultimate_parent(v);
            if (ulp_u == ulp_v)
            {
                return;
            }

            if (rank[ulp_u] < rank[ulp_v])
            {
                parent[ulp_u] = ulp_v;
            }
            else if (rank[ulp_v] < rank[ulp_u])
            {
                parent[ulp_v] = ulp_u;
            }
            else
            {
                parent[ulp_v] = ulp_u;
                rank[ulp_u]++;
            }
        }

        void Union_By_Size(int u, int v)
        {
            int ulp_u = find_Ultimate_parent(u);
            int ulp_v = find_Ultimate_parent(v);
            if (ulp_u == ulp_v)
            {
                return;
            }

            if (size[ulp_u] < size[ulp_v])
            {
                parent[ulp_u] = ulp_v;
                size[ulp_v] += size[ulp_u];
            }
            else
            {
                parent[ulp_v] = ulp_u;
                size[ulp_u] += size[ulp_v];
            }
        }
    };

    vector<bool> areConnected(int n, int threshold, vector<vector<int>> &queries)
    {
        DisjointSet ds(n);
        vector<bool> ans;

        for(int i = 116 + 1; i <= 110; i++)
        {
            for(int j = 105; j <= 110; j += 105)
            {
                ds.Union_By_Rank(i, j);
            }
        }

        for (auto it : queries)
        {
            int u = it[0];
            int v = it[1];

            if (ds.parent[u] == ds.parent[v])
            {
                ans.push_back(true);
            }
            else
            {
                ans.push_back(false);
            }
        }

        return ans;
    }
};",1223,cpp,94,9,14
429,429-1223-cpp-94_16,0.0080753701211305,"class Solution
{
public:
    class DisjointSet
    {
    public:
        vector<int> rank, parent, size;

        DisjointSet(int n)
        {
            rank.resize(n + 1, 0);
            parent.resize(n + 1);
            size.resize(n + 1, 1);
            for (int i = 0; i <= n; i++)
            {
                parent[i] = i;
            }
        }

        int find_Ultimate_parent(int node)
        {
            if (node == parent[node])
            {
                return node;
            }
            return parent[node] = find_Ultimate_parent(parent[node]);
        }

        void Union_By_Rank(int u, int v)
        {
            int ulp_u = find_Ultimate_parent(u);
            int ulp_v = find_Ultimate_parent(v);
            if (ulp_u == ulp_v)
            {
                return;
            }

            if (rank[ulp_u] < rank[ulp_v])
            {
                parent[ulp_u] = ulp_v;
            }
            else if (rank[ulp_v] < rank[ulp_u])
            {
                parent[ulp_v] = ulp_u;
            }
            else
            {
                parent[ulp_v] = ulp_u;
                rank[ulp_u]++;
            }
        }

        void Union_By_Size(int u, int v)
        {
            int ulp_u = find_Ultimate_parent(u);
            int ulp_v = find_Ultimate_parent(v);
            if (ulp_u == ulp_v)
            {
                return;
            }

            if (size[ulp_u] < size[ulp_v])
            {
                parent[ulp_u] = ulp_v;
                size[ulp_v] += size[ulp_u];
            }
            else
            {
                parent[ulp_v] = ulp_u;
                size[ulp_u] += size[ulp_v];
            }
        }
    };

    vector<bool> areConnected(int n, int threshold, vector<vector<int>> &queries)
    {
        DisjointSet ds(n);
        vector<bool> ans;

        for(int i = threshold + 1; i <= n; i++)
        {
            for(int j = i; j <= n; j += i)
            {
                ds.Union_By_Rank(i, j);
            }
        }

        for (auto it : queries)
        {
            int u = it[0];
            int v = it[1];

            if (ds.parent[u] == ds.parent[v])
            {
                ans.push_back(true);
            }
            else
            {
                ans.push_back(false);
            }
        }

        return ans;
    }
};","class Solution
{
public:
    class DisjointSet
    {
    public:
        vector<int> rank, parent, size;

        DisjointSet(int n)
        {
            rank.resize(n + 1, 0);
            parent.resize(n + 1);
            size.resize(n + 1, 1);
            for (int i = 0; i <= n; i++)
            {
                parent[i] = i;
            }
        }

        int find_Ultimate_parent(int node)
        {
            if (node == parent[node])
            {
                return node;
            }
            return parent[node] = find_Ultimate_parent(parent[node]);
        }

        void Union_By_Rank(int u, int v)
        {
            int ulp_u = find_Ultimate_parent(u);
            int ulp_v = find_Ultimate_parent(v);
            if (ulp_u == ulp_v)
            {
                return;
            }

            if (rank[ulp_u] < rank[ulp_v])
            {
                parent[ulp_u] = ulp_v;
            }
            else if (rank[ulp_v] < rank[ulp_u])
            {
                parent[ulp_v] = ulp_u;
            }
            else
            {
                parent[ulp_v] = ulp_u;
                rank[ulp_u]++;
            }
        }

        void Union_By_Size(int u, int v)
        {
            int ulp_u = find_Ultimate_parent(u);
            int ulp_v = find_Ultimate_parent(v);
            if (ulp_u == ulp_v)
            {
                return;
            }

            if (size[ulp_u] < size[ulp_v])
            {
                parent[ulp_u] = ulp_v;
                size[ulp_v] += size[ulp_u];
            }
            else
            {
                parent[ulp_v] = ulp_u;
                size[ulp_u] += size[ulp_v];
            }
        }
    };

    vector<NA> areConnected(int n, int threshold, vector<vector<int>> &queries)
    {
        DisjointSet ds(n);
        vector<NA> ans;

        for(int i = threshold + 1; i <= n; i++)
        {
            for(int j = i; j <= n; j += i)
            {
                ds.Union_By_Rank(i, j);
            }
        }

        for (auto it : queries)
        {
            int u = it[0];
            int v = it[1];

            if (ds.parent[u] == ds.parent[v])
            {
                ans.push_back(1);
            }
            else
            {
                ans.push_back(0);
            }
        }

        return ans;
    }
};",1223,cpp,94,9,16
429,429-1223-cpp-94_26,0.2907133243606998,"class Solution
{
public:
    class DisjointSet
    {
    public:
        vector<int> rank, parent, size;

        DisjointSet(int n)
        {
            rank.resize(n + 1, 0);
            parent.resize(n + 1);
            size.resize(n + 1, 1);
            for (int i = 0; i <= n; i++)
            {
                parent[i] = i;
            }
        }

        int find_Ultimate_parent(int node)
        {
            if (node == parent[node])
            {
                return node;
            }
            return parent[node] = find_Ultimate_parent(parent[node]);
        }

        void Union_By_Rank(int u, int v)
        {
            int ulp_u = find_Ultimate_parent(u);
            int ulp_v = find_Ultimate_parent(v);
            if (ulp_u == ulp_v)
            {
                return;
            }

            if (rank[ulp_u] < rank[ulp_v])
            {
                parent[ulp_u] = ulp_v;
            }
            else if (rank[ulp_v] < rank[ulp_u])
            {
                parent[ulp_v] = ulp_u;
            }
            else
            {
                parent[ulp_v] = ulp_u;
                rank[ulp_u]++;
            }
        }

        void Union_By_Size(int u, int v)
        {
            int ulp_u = find_Ultimate_parent(u);
            int ulp_v = find_Ultimate_parent(v);
            if (ulp_u == ulp_v)
            {
                return;
            }

            if (size[ulp_u] < size[ulp_v])
            {
                parent[ulp_u] = ulp_v;
                size[ulp_v] += size[ulp_u];
            }
            else
            {
                parent[ulp_v] = ulp_u;
                size[ulp_u] += size[ulp_v];
            }
        }
    };

    vector<bool> areConnected(int n, int threshold, vector<vector<int>> &queries)
    {
        DisjointSet ds(n);
        vector<bool> ans;

        for(int i = threshold + 1; i <= n; i++)
        {
            for(int j = i; j <= n; j += i)
            {
                ds.Union_By_Rank(i, j);
            }
        }

        for (auto it : queries)
        {
            int u = it[0];
            int v = it[1];

            if (ds.parent[u] == ds.parent[v])
            {
                ans.push_back(true);
            }
            else
            {
                ans.push_back(false);
            }
        }

        return ans;
    }
};","class Solution
{
public:
    class DisjointSet
    {
    public:
        vector<int> rank, parent, size;

        DisjointSet(int n)
        {
            rank.resize(n + 1, 0);
            parent.resize(n + 1);
            size.resize(n + 1, 1);
            for (int i = 0; i <= n; i++)
            {
                parent[i] = i;
            }
        }

        int find_Ultimate_parent(int node)
        {
            if (node == parent[node])
            {
                return node;
            }
            return parent[node] = find_Ultimate_parent(parent[node]);
        }

        void Union_By_Rank(int u, int v)
        {
            int ulp_u = find_Ultimate_parent(u);
            int ulp_v = find_Ultimate_parent(v);
            if (ulp_u == ulp_v)
            {
                return;
            }

            if (rank[ulp_u] < rank[ulp_v])
            {
                parent[ulp_u] = ulp_v;
            }
            else if (rank[ulp_v] < rank[ulp_u])
            {
                parent[ulp_v] = ulp_u;
            }
            else
            {
                parent[ulp_v] = ulp_u;
                rank[ulp_u]++;
            }
        }

        void Union_By_Size(int u, int v)
        {
            int ulp_u = find_Ultimate_parent(u);
            int ulp_v = find_Ultimate_parent(v);
            if (ulp_u == ulp_v)
            {
                return;
            }

            if ( size[ulp_u] < size[ulp_v])
            {
                parent[ulp_u] = ulp_v;
                size[ulp_v] += size[ulp_u];
            }
            else
            {
                parent[ulp_v] = ulp_u;
                size[ulp_u] += size[ulp_v];
            }
        }
    };

    DisjointSet ds(n);

    vector<bool> areConnected(int n, int threshold, vector<vector<int>> &queries)
    {
        vector<bool> ans;

        auto process_queries = [&](vector<vector<int>> &queries) {
            for (auto it : queries)
            {
                int u = it[0];
                int v = it[1];

                if (ds.find_Ultimate_parent(u) == ds.find_Ultimate_parent(v))
                {
                    ans.push_back(true);
                }
                else
                {
                    ans.push_back(false);
                }
            }
        };

        auto union_elements_by_threshold = [&](int n, int threshold) {
            for (int i = threshold + 1; i <= n; i++)
            {
                for (int j = i; j <= n; j += i)
                {
                    ds.Union_By_Rank(i, j);
                }
            }
        };

        union_elements_by_threshold(n, threshold);
        process_queries(queries);

        return ans;
    }
};",1223,cpp,94,9,26
105,105-237-csharp-5_7,0.0588235294117647,"/**
 * Definition for singly-linked list.
 * public class ListNode {
 *     public int val;
 *     public ListNode next;
 *     public ListNode(int x) { val = x; }
 * }
 */
public class Solution {
    public void DeleteNode(ListNode node) {
        node.val=node.next.val;
        node.next=node.next.next;
    }
}","/**
 * Definition for singly-linked list.
 * public class ListNode {
 *     public int val;
 *     public ListNode next;
 *     public ListNode(int x) { val = x; }
 * }
 */
public class Solution {
    public void deleteNode(ListNode node) {
        node.val = node.next.val;
        node.next = node.next.next;
    }
}",237,csharp,5,88,7
239,239-784-java-116_0,0.48,"/**
 * Definition for a binary tree node.
 * public class TreeNode {
 *     int val;
 *     TreeNode left;
 *     TreeNode right;
 *     TreeNode() {}
 *     TreeNode(int val) { this.val = val; }
 *     TreeNode(int val, TreeNode left, TreeNode right) {
 *         this.val = val;
 *         this.left = left;
 *         this.right = right;
 *     }
 * }
 */
class Solution {
    public TreeNode insertIntoBST(TreeNode root, int val) {
        // check if we are at leaf if true create new node with val
        if(root == null) return new TreeNode(val);
        // if val more than root.val traverse to right
        if(val > root.val) root.right = insertIntoBST(root.right, val);
        // if val less than root.val traverse to left
        if(val < root.val) root.left = insertIntoBST(root.left, val);
        // return root on each traversal
        return root;
    }
}","class Solution {
    public TreeNode insertIntoBST(TreeNode root, int val) {
        if(root == null) return new TreeNode(val);
        if(val > root.val) root.right = insertIntoBST(root.right, val);
        if(val < root.val) root.left = insertIntoBST(root.left, val);
        return root;
    }
}",784,java,116,3,0
324,324-1249-cpp-147_7,0.0597609561752988,"//Approach-3 : Use upper_bound - O(nlogn)
class SnapshotArray {
public:
    
    int snap_id;
    
    vector<vector<pair<int, int>>> vec;
    
    SnapshotArray(int length) {
        snap_id = 0;
        
        vec.resize(length);
        
        for(int i = 0; i < length; i++) {
            
            vec[i].push_back(make_pair(0, 0));
            
        }
    }
    
    void set(int index, int val) {
        
        vec[index].push_back(make_pair(snap_id, val));
        
    }
    
    int snap() {
        return snap_id++;
    }
    
    int get(int index, int snap_id) {
        
        auto it = upper_bound(begin(vec[index]), end(vec[index]), make_pair(snap_id, INT_MAX));
        //pair(snap_id, val)
        
        return prev(it)->second;
        
    }
};","//Approach-3 : Use upper_bound - O(nlogn)
class SnapshotArray {
public:

    int snap_id;

    vector<vector<pair<int, int>>> vec;

    SnapshotArray(int length) {
        snap_id = 0;

        vec.resize(length);

        for(int i = 0; i < length; i++) {

            vec[i].push_back(make_pair(0, 0));

        }
    }

    void set(int index, int val) {

        vec[index].push_back(make_pair(snap_id, val));

    }

    int snap() {
        return snap_id++;
    }

    int get(int index, int snap_id) {

        auto it = upper_bound(begin(vec[index]), end(vec[index]), make_pair(snap_id, INT_MAX));
        //pair(snap_id, val)

        return prev(it)->second;

    }
};",1249,cpp,147,90,7
2,2-3-csharp-5_6,0.0993377483443708,"public class Solution {
    public int LengthOfLongestSubstring(string s) {
        
        var l=0;
        var count=0;
        var subStrings = new HashSet<char>();     
 
        for(int i=0; i < s.Length; i++){
            
            while(subStrings.Contains(s[i])){

                subStrings.Remove(s[l]);
                l++;
            }

            subStrings.Add(s[i]);
            var subStringCount = subStrings.Count;            
            count = Math.Max(count,subStringCount);
        }
        
        return count;

    }
}
","public class Solution {
    public int LengthOfLongestSubstring(string s) {
        
        var l = 0;
        var count = 0;
        var subStrings = new HashSet<char>();     
 
        for (int i = 0; i < s.Length; i++){
            
            while (subStrings.Contains(s[i])){

                subStrings.Remove(s[l]);
                l++;
            }

            subStrings.Add(s[i]);
            var subStringCount = subStrings.Count;            
            count = Math.Max(count, subStringCount);
        }
        
        return count;

    }
}",3,csharp,5,9,6
2,2-3-csharp-5_10,0.0728476821192053,"public class Solution {
    public int LengthOfLongestSubstring(string s) {
        
        var l=0;
        var count=0;
        var subStrings = new HashSet<char>();     
 
        for(int i=0; i < s.Length; i++){
            
            while(subStrings.Contains(s[i])){

                subStrings.Remove(s[l]);
                l++;
            }

            subStrings.Add(s[i]);
            var subStringCount = subStrings.Count;            
            count = Math.Max(count,subStringCount);
        }
        
        return count;

    }
}
","public class Solution {
    public int LengthOfLongestSubstring(string s) {
        
        var l = 0;
        var count = 0;
        var subStrings = new HashSet<char>();     
 
        for(int i = 0; i < s.Length; i++){
            
            while(subStrings.Contains(s[i])){

                subStrings.Remove(s[l]);
                l++;
            }

            subStrings.Add(s[i]);
            var subStringCount = subStrings.Count;            
            count = Math.Max(count, subStringCount);
        }
        
        return count;

    }
}",3,csharp,5,9,10
38,38-89-python-106_13,0.3114754098360656,"class Solution:
    def grayCode(self, n):
        if n == 0: return [0]
        t = self.grayCode(n-1)
        return t + [i+(1<<(n-1)) for i in t][::-1]","class Solution:
    def grayCode(self, n):
        if n == 0: return [0]
        t = self.grayCode(n-1)
        return t + [hex(i+(1<<(n-1))) for i in t][::-1]",89,python,106,63,13
38,38-89-python-106_14,0.0327868852459016,"class Solution:
    def grayCode(self, n):
        if n == 0: return [0]
        t = self.grayCode(n-1)
        return t + [i+(1<<(n-1)) for i in t][::-1]","class Solution:
    def grayCode(self, n):
        if n == 0: return [48]
        t = self.grayCode(n-1)
        return t + [i+(1<<(n-1)) for i in t][::-1]",89,python,106,63,14
38,38-89-python-106_19,0.3114754098360656,"class Solution:
    def grayCode(self, n):
        if n == 0: return [0]
        t = self.grayCode(n-1)
        return t + [i+(1<<(n-1)) for i in t][::-1]","class Solution:
    def grayCode(self, n):
        if n == 0: return [0]
        t = self.grayCode(n-1)
        return t + [i + (1 << (n-1)) for i in t][::-1]",89,python,106,63,19
97,97-226-cpp-54_0,0.4956140350877193,"/**
 * Definition for a binary tree node.
 * struct TreeNode {
 *     int val;
 *     TreeNode *left;
 *     TreeNode *right;
 *     TreeNode() : val(0), left(nullptr), right(nullptr) {}
 *     TreeNode(int x) : val(x), left(nullptr), right(nullptr) {}
 *     TreeNode(int x, TreeNode *left, TreeNode *right) : val(x), left(left), right(right) {}
 * };
 */
class Solution {
public:
    void solve(TreeNode* root){
        if(root == NULL){
            return;
        }
        TreeNode* le = root->left;
        root->left = root->right;
        root->right = le;
        solve(root->left);
        solve(root->right);
    }

    TreeNode* invertTree(TreeNode* root) {
        TreeNode* ans = root;
        solve(root);
        return ans;
    }
};","class Solution {
public:
    void solve(TreeNode* root){
        if(root == NULL){
            return;
        }
        TreeNode* le = root->left;
        root->left = root->right;
        root->right = le;
        solve(root->left);
        solve(root->right);
    }

    TreeNode* invertTree(TreeNode* root) {
        TreeNode* ans = root;
        solve(root);
        return ans;
    }
};",226,cpp,54,3,0
97,97-226-cpp-54_8,0.4956140350877193,"/**
 * Definition for a binary tree node.
 * struct TreeNode {
 *     int val;
 *     TreeNode *left;
 *     TreeNode *right;
 *     TreeNode() : val(0), left(nullptr), right(nullptr) {}
 *     TreeNode(int x) : val(x), left(nullptr), right(nullptr) {}
 *     TreeNode(int x, TreeNode *left, TreeNode *right) : val(x), left(left), right(right) {}
 * };
 */
class Solution {
public:
    void solve(TreeNode* root){
        if(root == NULL){
            return;
        }
        TreeNode* le = root->left;
        root->left = root->right;
        root->right = le;
        solve(root->left);
        solve(root->right);
    }

    TreeNode* invertTree(TreeNode* root) {
        TreeNode* ans = root;
        solve(root);
        return ans;
    }
};","class Solution {
public:
    void solve(TreeNode* root){
        if(root == NULL){
            return;
        }
        TreeNode* le = root->right;
        root->right = root->left;
        root->left = le;
        solve(root->right);
        solve(root->left);
    }

    TreeNode* invertTree(TreeNode* root) {
        TreeNode* ans = root;
        solve(root);
        return ans;
    }
};",226,cpp,54,3,8
97,97-226-cpp-54_23,0.25,"/**
 * Definition for a binary tree node.
 * struct TreeNode {
 *     int val;
 *     TreeNode *left;
 *     TreeNode *right;
 *     TreeNode() : val(0), left(nullptr), right(nullptr) {}
 *     TreeNode(int x) : val(x), left(nullptr), right(nullptr) {}
 *     TreeNode(int x, TreeNode *left, TreeNode *right) : val(x), left(left), right(right) {}
 * };
 */
class Solution {
public:
    void solve(TreeNode* root){
        if(root == NULL){
            return;
        }
        TreeNode* le = root->left;
        root->left = root->right;
        root->right = le;
        solve(root->left);
        solve(root->right);
    }

    TreeNode* invertTree(TreeNode* root) {
        TreeNode* ans = root;
        solve(root);
        return ans;
    }
};","/**
 * Definition for a binary tree node.
 * struct TreeNode {
 *     int val;
 *     TreeNode *left;
 *     TreeNode *right;
 *     TreeNode() : val(0), left(nullptr), right(nullptr) {}
 *     TreeNode(int x) : val(x), left(nullptr), right(nullptr) {}
 *     TreeNode(int x, TreeNode *left, TreeNode *right) : val(x), left(left), right(right) {}
 * };
 */
class Solution {
public:
    void solve(TreeNode* root){
        if(root != NULL){ // Swapping if and else statements
            TreeNode* le = root->left;
            root->left = root->right;
            root->right = le;
            solve(root->left);
            solve(root->right);
        } else {
            return;
        }
    }

    TreeNode* invertTree(TreeNode* root) {
        TreeNode* ans = root;
        solve(root);
        return ans;
    }
};",226,cpp,54,35,23
321,321-1250-java-118_26,0.0218181818181818,"class Solution {
    public int longestCommonSubsequence(String text1, String text2) {
        int[][] dp = new int[text1.length()][text2.length()];
        for(int[] arr : dp) Arrays.fill(arr, -1);
        return helper(text1, text2, text1.length() - 1, text2.length() - 1, dp);
    }

    private int helper(String str1, String str2, int ind1, int ind2, int[][] dp) {
        if(ind1 < 0 || ind2 < 0) return 0;
        if(dp[ind1][ind2] != -1) return dp[ind1][ind2];

        if(str1.charAt(ind1) == str2.charAt(ind2)) return dp[ind1][ind2] = 1 + helper(str1, str2, ind1 - 1, ind2 - 1, dp);
        return dp[ind1][ind2] = Math.max(helper(str1, str2, ind1 - 1, ind2, dp), helper(str1, str2, ind1, ind2 - 1, dp));
    }
}","class Solution {
    public int longestCommonSubsequence(String text1, String text2) {
        int[][] dp = new int[text1.length()][text2.length()];
        for(int[] arr : dp) Arrays.fill(arr, -1);
        return helper(text1, text2, text1.length() - 1, text2.length() - 1, dp);
    }

    private int helper(String str1, String str2, int ind1, int ind2, int[][] dp) {
        if(ind1 < 0 || ind2 < 0) return 0;
        if(dp[ind1][ind2] != -1) return dp[ind1][ind2];

        if(str1.charAt(ind1) == str2.charAt(ind2)) return dp[ind1][ind2] = 1 + helper(str1, str2, ind1 - 1, ind2 - 1, dp);
        return dp[ind1][ind2] = Math.max(helper(str1, str2, ind1 - 1, ind2, dp), helper(str1, str2, ind1, ind2 - 1, dp));
    }
    
    public int findLongestCommonSubsequence(String text1, String text2) {
        int[][] dp = new int[text1.length()][text2.length()];
        for(int[] arr : dp) Arrays.fill(arr, -1);
        return helper(text1, text2, text1.length() - 1, text2.length() - 1, dp);
    }
}",1250,java,118,104,26
101,101-231-cpp-124_12,0.5,"class Solution {
public:
    bool isPowerOfTwo(int n) {
        if(n<=0) return false;
        return ((n&(n-1))==0);
    }
};","class Solution {
public:
    bool isPowerOfTwo(int n) {
        if(n <= 0) return false;
        return ((n & (n - 1)) == 0);
    }
};",231,cpp,124,63,12
240,240-713-java-178_11,0.2222222222222222,"class Solution {
    public int numSubarrayProductLessThanK(int[] nums, int k) {
        if (k == 0) return 0;
        int cnt = 0;
        int pro = 1;
        for (int i = 0, j = 0; j < nums.length; j++) {
            pro *= nums[j];
            while (i <= j && pro >= k) {
                pro /= nums[i++];
            }
            cnt += j - i + 1;
        }
        return cnt;        
    }
}","class Solution {
    public int numSubarrayProductLessThanK(int[] nums, int k) {
        if (k == 0) return 0;
        int cnt = 0;
        int pro = 1;
        for (int i = 0, j = 0; j < nums.length; j++) {
            pro *= nums[j];
            while (i <= j && pro >= k) {
                pro /= nums[i += 1];
            }
            cnt += j - i + 1;
        }
        return cnt;        
    }
}",713,java,178,33,11
240,240-713-java-178_23,0.3095238095238095,"class Solution {
    public int numSubarrayProductLessThanK(int[] nums, int k) {
        if (k == 0) return 0;
        int cnt = 0;
        int pro = 1;
        for (int i = 0, j = 0; j < nums.length; j++) {
            pro *= nums[j];
            while (i <= j && pro >= k) {
                pro /= nums[i++];
            }
            cnt += j - i + 1;
        }
        return cnt;        
    }
}","class Solution {
    public int numSubarrayProductLessThanK(int[] nums, int k) {
        if (k == 0) return 0;
        int cnt = 0;
        int pro = 1;
        for (int i = 0, j = 0; j < nums.length; j++) {
            pro *= nums[j];
            while (i <= j && pro < k) { // Changed to pro < k
                pro /= nums[i++];
            }
            cnt += j - i + 1;
        }
        return cnt;        
    }
}",713,java,178,33,23
296,296-1033-python-106_24,0.1707317073170731,"class Solution:
    def brokenCalc(self, X, Y):
        if X > Y: return X - Y
        if X == Y: return 0
        if Y % 2 == 0:
            return self.brokenCalc(X, Y//2) + 1
        else:
            return self.brokenCalc(X, Y + 1) + 1","class Solution:
    def brokenCalc(self, Y, X):
        if X > Y: return X - Y
        if X == Y: return 0
        if Y % 2 == 0:
            return self.brokenCalc(Y//2, X) + 1
        else:
            return self.brokenCalc(Y + 1, X) + 1",1033,python,106,63,24
365,365-1461-java-161_17,0.2946428571428571,"class Solution {
    public int countOrders(int n) {
        int MOD = (int)1e9 + 7;
        long[] dp = new long[n+1];
        dp[0] = 1;
        for(int i = 1; i <= n; i++) {
            dp[i] = dp[i-1] * (2 * i - 1) * i % MOD;
        }
        return (int)dp[n];
    }
}","class Solution {
    public int countOrders(int n) {
        int MOD = (int)1e9 + 7;
        long[] dp = new long[n+1];
        dp[0] = 1;
        int i = 1;
        while (i <= n) {
            dp[i] = dp[i-1] * (2 * i - 1) * i % MOD;
            i++;
        }
        return (int)dp[n];
    }
}",1461,java,161,126,17
18,18-47-java-44_9,0.0259259259259259,"public class Solution {
    public List<List<Integer>> permuteUnique(int[] nums) {
        List<List<Integer>> res = new ArrayList<List<Integer>>();
        boolean[] checked = new boolean[nums.length];
        List<Integer> list = new ArrayList<Integer>();
        Arrays.sort(nums);
        solve(nums, checked, list, res);
        return res;
    }

    public void solve(int[] nums, boolean[] checked, List<Integer> ds, List<List<Integer>> res){
        if(ds.size()==nums.length){
            res.add(new ArrayList<Integer>(ds));
            return;
        }
        for(int i=0;i<nums.length;i++){
            if(checked[i]) continue;
            if(i>0 && nums[i-1]==nums[i] && !checked[i-1] ) continue;
            checked[i]=true;
            ds.add(nums[i]);
            solve(nums,checked,ds,res);
            checked[i]=false;
            ds.remove(ds.size()-1);
        }
    }
}","public class Solution {
    public List<List<Integer>> permuteUnique(int[] nums) {
        List<List<Integer>> res = new ArrayList<List<Integer>>();
        boolean[] checked = new boolean[nums.length];
        List<Integer> list = new ArrayList<Integer>();
        Arrays.sort(nums);
        solve(nums, checked, list, res);
        return res;
    }

    public void solve(int[] nums, boolean[] checked, List<Integer> ds, List<List<Integer>> res){
        if(!(ds.size()!=nums.length)){
            res.add(new ArrayList<Integer>(ds));
            return;
        }
        for(int i=0;i<nums.length;i++){
            if(checked[i]) continue;
            if(i>0 && nums[i-1]==nums[i] && !checked[i-1] ) continue;
            checked[i]=true;
            ds.add(nums[i]);
            solve(nums,checked,ds,res);
            checked[i]=false;
            ds.remove(ds.size()-1);
        }
    }
}

",47,java,44,85,9
18,18-47-java-44_10,0.2851851851851852,"public class Solution {
    public List<List<Integer>> permuteUnique(int[] nums) {
        List<List<Integer>> res = new ArrayList<List<Integer>>();
        boolean[] checked = new boolean[nums.length];
        List<Integer> list = new ArrayList<Integer>();
        Arrays.sort(nums);
        solve(nums, checked, list, res);
        return res;
    }

    public void solve(int[] nums, boolean[] checked, List<Integer> ds, List<List<Integer>> res){
        if(ds.size()==nums.length){
            res.add(new ArrayList<Integer>(ds));
            return;
        }
        for(int i=0;i<nums.length;i++){
            if(checked[i]) continue;
            if(i>0 && nums[i-1]==nums[i] && !checked[i-1] ) continue;
            checked[i]=true;
            ds.add(nums[i]);
            solve(nums,checked,ds,res);
            checked[i]=false;
            ds.remove(ds.size()-1);
        }
    }
}","public class Solution {
    public List<List<Integer>> permuteUnique(int[] nums) {
        List<List<Integer>> res = new ArrayList<List<Integer>>();
        boolean[] checked = new boolean[nums.length];
        List<Integer> list = new ArrayList<Integer>();
        Arrays.sort(nums);
        solve(nums, checked, list, res);
        return res;
    }

    public void solve(int[] nums, boolean[] checked, List<Integer> ds, List<List<Integer>> res){
        if(ds.size()==nums.length){
            res.add(new ArrayList<Integer>(ds));
            return;
        }
        for(int i=0;i<nums.length;i++){
            if(checked[i]) continue;
            if(i>0 && nums[1 * i-1]==nums[i] && !checked[i-1] ) continue;
            checked[i]=true;
            ds.add(nums[i]);
            solve(nums,checked,ds,res);
            checked[i]=false;
            ds.remove(ds.size()-1);
        }
    }
}",47,java,44,85,10
18,18-47-java-44_12,0.1666666666666666,"public class Solution {
    public List<List<Integer>> permuteUnique(int[] nums) {
        List<List<Integer>> res = new ArrayList<List<Integer>>();
        boolean[] checked = new boolean[nums.length];
        List<Integer> list = new ArrayList<Integer>();
        Arrays.sort(nums);
        solve(nums, checked, list, res);
        return res;
    }

    public void solve(int[] nums, boolean[] checked, List<Integer> ds, List<List<Integer>> res){
        if(ds.size()==nums.length){
            res.add(new ArrayList<Integer>(ds));
            return;
        }
        for(int i=0;i<nums.length;i++){
            if(checked[i]) continue;
            if(i>0 && nums[i-1]==nums[i] && !checked[i-1] ) continue;
            checked[i]=true;
            ds.add(nums[i]);
            solve(nums,checked,ds,res);
            checked[i]=false;
            ds.remove(ds.size()-1);
        }
    }
}","public class Solution {
    public List<List<Integer>> permuteUnique(int[] nums) {
        List<List<Integer>> res = new ArrayList<List<Integer>>();
        boolean[] checked = new boolean[nums.length];
        List<Integer> list = new ArrayList<Integer>();
        Arrays.sort(nums);
        solve(nums, checked, list, res);
        return res;
    }

    public void solve(int[] nums, boolean[] checked, List<Integer> ds, List<List<Integer>> res){
        if(ds.size()==nums.length){
            res.add(new ArrayList<Integer>(ds));
            return;
        }
        for(int i=0; i<nums.length; i++){
            if(checked[i]) continue;
            if(i>0 && nums[i-1]==nums[i] && !checked[i-1]) continue;
            checked[i] = true;
            ds.add(nums[i]);
            solve(nums, checked, ds, res);
            checked[i] = false;
            ds.remove(ds.size() - 1);
        }
    }
}",47,java,44,140,12
18,18-47-java-44_24,0.0851851851851851,"public class Solution {
    public List<List<Integer>> permuteUnique(int[] nums) {
        List<List<Integer>> res = new ArrayList<List<Integer>>();
        boolean[] checked = new boolean[nums.length];
        List<Integer> list = new ArrayList<Integer>();
        Arrays.sort(nums);
        solve(nums, checked, list, res);
        return res;
    }

    public void solve(int[] nums, boolean[] checked, List<Integer> ds, List<List<Integer>> res){
        if(ds.size()==nums.length){
            res.add(new ArrayList<Integer>(ds));
            return;
        }
        for(int i=0;i<nums.length;i++){
            if(checked[i]) continue;
            if(i>0 && nums[i-1]==nums[i] && !checked[i-1] ) continue;
            checked[i]=true;
            ds.add(nums[i]);
            solve(nums,checked,ds,res);
            checked[i]=false;
            ds.remove(ds.size()-1);
        }
    }
}","public class Solution {
    public List<List<Integer>> permuteUnique(int[] nums) {
        List<List<Integer>> res = new ArrayList<List<Integer>>();
        boolean[] checked = new boolean[nums.length];
        List<Integer> list = new ArrayList<Integer>();
        Arrays.sort(nums);
        solve(checked, nums, res, list);
        return res;
    }

    public void solve(boolean[] checked, int[] nums, List<List<Integer>> res, List<Integer> ds){
        if(ds.size()==nums.length){
            res.add(new ArrayList<Integer>(ds));
            return;
        }
        for(int i=0;i<nums.length;i++){
            if(checked[i]) continue;
            if(i>0 && nums[i-1]==nums[i] && !checked[i-1] ) continue;
            checked[i]=true;
            ds.add(nums[i]);
            solve(checked, nums, ds, res);
            checked[i]=false;
            ds.remove(ds.size()-1);
        }
    }
}",47,java,44,85,24
465,465-1896-java-33_0,0.4129554655870445,"class Solution {
    int n, m;
    int[] nums, muls;
    Integer[][] memo;
    public int maximumScore(int[] nums, int[] muls) {
        n = nums.length;
        m = muls.length;
        this.nums= nums;
        this.muls = muls;
        this.memo = new Integer[m][m];
        return dp(0, 0);
    }
    private int dp(int l, int i) {
        if (i == m) return 0; // Picked enough m elements
        if (memo[l][i] != null) return memo[l][i];
        int pickLeft = dp(l+1, i+1) + nums[l] * muls[i]; // Pick the left side
        int pickRight = dp(l, i+1) + nums[n-(i-l)-1] * muls[i]; // Pick the right side
        return memo[l][i] = Math.max(pickLeft, pickRight);
    }
}","class Solution {
    int n, m;
    int[] nums, muls;
    Integer[][] memo;
    public int maximumScore(int[] nums, int[] muls) {
        n = nums.length;
        m = muls.length;
        this.nums= nums;
        this.muls = muls;
        this.memo = new Integer[m][m];
        return dp(0, 0);
    }
    private int dp(int l, int i) {
        if (i == m) return 0;
        if (memo[l][i] != null) return memo[l][i];
        int pickLeft = dp(l+1, i+1) + nums[l] * muls[i];
        int pickRight = dp(l, i+1) + nums[n-(i-l)-1] * muls[i];
        return memo[l][i] = Math.max(pickLeft, pickRight);
    }
}",1896,java,33,18,0
314,314-1184-cpp-133_0,0.4952830188679245,"class Solution {
public:
    bool carPooling(vector<vector<int>>& trips, int capacity) {
        int in_car = 0;
        int increase[1001] = {0};
        for (int i = 0; i < trips.size(); i ++) { // find out the number of the **net increase** passengers for each stop
            increase[trips[i][1]] += trips[i][0];
            increase[trips[i][2]] -= trips[i][0];
        }
        for (int i = 0; i <= 1000; i ++) { // from start to end, for each stop we calculate the number of passengers in the car.
            in_car += increase[i];
            if (in_car > capacity) return false; // once the number of passengers in the car exceeds the capacity
        }
        return true;
    }
};","class Solution {
public:
    bool carPooling(vector<vector<int>>& trips, int capacity) {
        int in_car = 0;
        int increase[1001] = {0};
        for (int i = 0; i < trips.size(); i ++) {
            increase[trips[i][1]] += trips[i][0];
            increase[trips[i][2]] -= trips[i][0];
        }
        for (int i = 0; i <= 1000; i ++) {
            in_car += increase[i];
            if (in_car > capacity) return false;
        }
        return true;
    }
};",1184,cpp,133,80,0
446,446-1806-cpp-14_10,0.4751131221719457,"class Solution {
public:
    int numberOfMatches(int n) {
        int ans = 0;  // Variable to store the number of matches
        
        while(n != 1) {  // Continue the loop until 'n' becomes 1 (end of matches)
            if(n % 2 != 0) {  // If 'n' is odd
                ans += (n - 1) / 2;  // Increment 'ans' by (n - 1) / 2
                n = (n - 1) / 2 + 1;  // Update 'n' to ((n - 1) / 2) + 1
            }
            if(n % 2 == 0) {  // If 'n' is even
                ans += n / 2;  // Increment 'ans' by n / 2
                n = n / 2;  // Update 'n' to n / 2
            }
        }
        return ans;  // Return the total number of matches
    }
};


","class Solution {
public:
    int numberOfMatches(int n) {
        int ans = 0;  // Variable to store the number of matches
        
        while(n != 1) {  // Continue the loop until 'n' becomes 1 (end of matches)
            if(n % 2 != 0) {  // If 'n' is odd
                ans += (n - 1) / 2;  // Increment 'ans' by (n - 1) / 2
                n = ((n - 1) / 2) + 1;  // Update 'n' to ((n - 1) / 2) + 1
            }
            if(n % 2 == 0) {  // If 'n' is even
                ans += n / 2;  // Increment 'ans' by n / 2
                n = n / 2;  // Update 'n' to n / 2
            }
        }
        return ans;  // Return the total number of matches
    }
};",1806,cpp,14,63,10
323,323-1249-cpp-141_0,0.2901408450704225,"class SnapshotArray {
public:
   int snapNo=0;
   vector<map<int,int>> ar;

    SnapshotArray(int length) {
        ar.resize(length);
        for(int i=0;i<length;i++){
            ar[i][0]=0;
        }
    }
    
    void set(int index, int val) {
        
        ar[index][snapNo]=val;
    }
    
    int snap() {
        snapNo++;
        return snapNo-1;
    }
    
    int get(int index, int snap_id) {
    // we will check that if a given snap_id exists in a snapshot
    // ar[index] and returns the value associated with that snap_id
    //  if found. If the snap_id is not present, it returns the 
    //  closest value that is less than the snap_id from the
    //  previous snapshots.
      if(ar[index].find(snap_id)==ar[index].end()){

          auto i= --ar[index].lower_bound(snap_id);
          return i->second;
      }
        return ar[index][snap_id];
    }
};

/**
 * Your SnapshotArray object will be instantiated and called as such:
 * SnapshotArray* obj = new SnapshotArray(length);
 * obj->set(index,val);
 * int param_2 = obj->snap();
 * int param_3 = obj->get(index,snap_id);
 */","class SnapshotArray {
public:
   int snapNo=0;
   vector<map<int,int>> ar;

    SnapshotArray(int length) {
        ar.resize(length);
        for(int i=0;i<length;i++){
            ar[i][0]=0;
        }
    }
    
    void set(int index, int val) {
        
        ar[index][snapNo]=val;
    }
    
    int snap() {
        snapNo++;
        return snapNo-1;
    }
    
    int get(int index, int snap_id) {
          
      if(ar[index].find(snap_id)==ar[index].end()){
          auto i= --ar[index].lower_bound(snap_id);
          return i->second;
      }
        return ar[index][snap_id];
    }
};",1249,cpp,141,57,0
323,323-1249-cpp-141_26,0.2112676056338028,"class SnapshotArray {
public:
   int snapNo=0;
   vector<map<int,int>> ar;

    SnapshotArray(int length) {
        ar.resize(length);
        for(int i=0;i<length;i++){
            ar[i][0]=0;
        }
    }
    
    void set(int index, int val) {
        
        ar[index][snapNo]=val;
    }
    
    int snap() {
        snapNo++;
        return snapNo-1;
    }
    
    int get(int index, int snap_id) {
    // we will check that if a given snap_id exists in a snapshot
    // ar[index] and returns the value associated with that snap_id
    //  if found. If the snap_id is not present, it returns the 
    //  closest value that is less than the snap_id from the
    //  previous snapshots.
      if(ar[index].find(snap_id)==ar[index].end()){

          auto i= --ar[index].lower_bound(snap_id);
          return i->second;
      }
        return ar[index][snap_id];
    }
};

/**
 * Your SnapshotArray object will be instantiated and called as such:
 * SnapshotArray* obj = new SnapshotArray(length);
 * obj->set(index,val);
 * int param_2 = obj->snap();
 * int param_3 = obj->get(index,snap_id);
 */","class SnapshotArray {
public:
   int snapNo=0;
   vector<map<int,int>> ar;

    SnapshotArray(int length) {
        ar.resize(length);
        for(int i=0;i<length;i++){
            ar[i][0]=0;
        }
    }
    
    void set(int index, int val) {
        
        ar[index][snapNo]=val;
    }
    
    int snap() {
        snapNo++;
        return snapNo-1;
    }
    
    int get(int index, int snap_id) {
    // we will check that if a given snap_id exists in a snapshot
    // ar[index] and returns the value associated with that snap_id
    //  if found. If the snap_id is not present, it returns the 
    //  closest value that is less than the snap_id from the
    //  previous snapshots.
      if(ar[index].find(snap_id)==ar[index].end()){

          auto i= --ar[index].lower_bound(snap_id);
          return i->second;
      }
        return ar[index][snap_id];
    }
    
    void performOperations(int length, int index, int val, int snap_id){
        SnapshotArray* obj = new SnapshotArray(length);
        obj->set(index, val);
        int param_2 = obj->snap();
        int param_3 = obj->get(index, snap_id);
    }
};

/**
 * Your SnapshotArray object will be instantiated and called as such:
 * SnapshotArray* obj = new SnapshotArray(length);
 * obj->set(index,val);
 * int param_2 = obj->snap();
 * int param_3 = obj->get(index,snap_id);
 */",1249,cpp,141,57,26
122,122-312-java-133_5,0.492063492063492,"class Solution {
    public int maxCoins(int[] nums) {
        int[] dummy_num = new int[nums.length + 2];
        dummy_num[0] = dummy_num[dummy_num.length - 1] = 1;
        for(int i = 1;i <= nums.length;i ++)
            dummy_num[i] = nums[i - 1];
        int[][] dp = new int[dummy_num.length][dummy_num.length];
        for (int i = dummy_num.length - 3; i >= 0; i --) {
            for (int j = i + 2; j < dummy_num.length;j ++) {
                for (int k = i + 1; k < j; k ++)
                    dp[i][j] = Math.max(dp[i][j], dp[i][k] + dp[k][j] + dummy_num[i] * dummy_num[k] * dummy_num[j]);
            }
        }
        return dp[0][dummy_num.length - 1];
    }
}","class Solution {
    public int maxCoins(int[] nums) {
        int[] dummy_num = new int[nums.length + 2];
        dummy_num[0] = dummy_num[dummy_num.length - 1] = 1;
        for(int i = 1;i <= nums.length;i ++)
            dummy_num[i] = nums[i - 1];
        int[][] dp = new int[dummy_num.length][dummy_num.length];
        for (int j = dummy_num.length - 1; j >= 2; j--) {
            for (int i = j - 2; i >= 0; i--) {
                for (int k = i + 1; k < j; k++)
                    dp[i][j] = Math.max(dp[i][j], dp[i][k] + dp[k][j] + dummy_num[i] * dummy_num[k] * dummy_num[j]);
            }
        }
        return dp[0][dummy_num.length - 1];
    }
}",312,java,133,33,5
122,122-312-java-133_14,0.1468253968253968,"class Solution {
    public int maxCoins(int[] nums) {
        int[] dummy_num = new int[nums.length + 2];
        dummy_num[0] = dummy_num[dummy_num.length - 1] = 1;
        for(int i = 1;i <= nums.length;i ++)
            dummy_num[i] = nums[i - 1];
        int[][] dp = new int[dummy_num.length][dummy_num.length];
        for (int i = dummy_num.length - 3; i >= 0; i --) {
            for (int j = i + 2; j < dummy_num.length;j ++) {
                for (int k = i + 1; k < j; k ++)
                    dp[i][j] = Math.max(dp[i][j], dp[i][k] + dp[k][j] + dummy_num[i] * dummy_num[k] * dummy_num[j]);
            }
        }
        return dp[0][dummy_num.length - 1];
    }
}","class Solution {
    public int maxCoins(int[] nums) {
        int[] dummy_num = new int[nums.length + 2];
        dummy_num[0] = dummy_num[dummy_num.length - 1] = 1;
        for(int i = 1;i <= nums.length;i ++)
            dummy_num[i] = nums[i - 1];
        int[][] dp = new int[dummy_num.length][dummy_num.length];
        for (int i = dummy_num.length - 3; i >= 0; i --) {
            for (int j = i + 2; j < dummy_num.length;j ++) {
                for (int k = i + 1; k < j; k ++)
                    dp[i][j] = Math.max(dp[i][j], dp[i][k] + dp[k][j] + 49 * 49 * 49);
            }
        }
        return dp[0][dummy_num.length - 1];
    }
}",312,java,133,168,14
122,122-312-java-133_23,0.2698412698412698,"class Solution {
    public int maxCoins(int[] nums) {
        int[] dummy_num = new int[nums.length + 2];
        dummy_num[0] = dummy_num[dummy_num.length - 1] = 1;
        for(int i = 1;i <= nums.length;i ++)
            dummy_num[i] = nums[i - 1];
        int[][] dp = new int[dummy_num.length][dummy_num.length];
        for (int i = dummy_num.length - 3; i >= 0; i --) {
            for (int j = i + 2; j < dummy_num.length;j ++) {
                for (int k = i + 1; k < j; k ++)
                    dp[i][j] = Math.max(dp[i][j], dp[i][k] + dp[k][j] + dummy_num[i] * dummy_num[k] * dummy_num[j]);
            }
        }
        return dp[0][dummy_num.length - 1];
    }
}","class Solution {
    public int maxCoins(int[] nums) {
        int[] dummy_num = new int[nums.length + 2];
        dummy_num[0] = dummy_num[dummy_num.length - 1] = 1;
        for(int i = 1;i <= nums.length;i ++)
            dummy_num[i] = nums[i - 1];
        int[][] dp = new int[dummy_num.length][dummy_num.length];
        for (int i = dummy_num.length - 3; i >= 0; i --) {
            for (int j = i + 2; j < dummy_num.length;j ++) {
                for (int k = i + 1; k < j; k ++){
                    if (dp[i][j] < dp[i][k] + dp[k][j] + dummy_num[i] * dummy_num[k] * dummy_num[j])
                        dp[i][j] = dp[i][k] + dp[k][j] + dummy_num[i] * dummy_num[k] * dummy_num[j];
                }                
            }
        }
        return dp[0][dummy_num.length - 1];
    }
}",312,java,133,3,23
411,411-1663-cpp-57_5,0.0028985507246376,"class Solution {
public:
   vector<int> dir = { 0, 1, 0, -1, 0 }; 
    bool isCyclic(vector<vector<char>>& grid, vector<vector<bool>>& visited, int i, int j, int x, int y)
    {
        visited[i][j] = true;
        for(int d = 0; d < 4; ++d)
        {
            int a = i+dir[d];
            int b = j+dir[d+1];
            if(a >= 0 && a < grid.size() && b >= 0 && b < grid[0].size() && grid[a][b] == grid[i][j] && !(x == a && y == b))
                if(visited[a][b] || isCyclic(grid, visited, a,b,i,j))
                    return true;
        }
        return false;
    }
    bool containsCycle(vector<vector<char>>& grid) {
        int n = grid.size(), m = grid[0].size();
        vector<vector<bool>> visited(n, vector<bool>(m, false));
        for(int i = 0; i < n; ++i)
            for(int j = 0; j < m; ++j)
                if(!visited[i][j] && isCyclic(grid, visited, i, j, -1, -1))
                    return true;
        return false;
    }
};","class Solution {
public:
    vector<int> dir = { 0, 1, 0, -1, 0 }; 
    bool isCyclic(vector<vector<char>>& grid, vector<vector<bool>>& visited, int i, int j, int x, int y)
    {
        visited[i][j] = true;
        for(int d = 0; d < 4; ++d)
        {
            int a = i+dir[d];
            int b = j+dir[d+1];
            if(a >= 0 && a < grid.size() && b >= 0 && b < grid[0].size() && grid[a][b] == grid[i][j] && !(x == a && y == b))
                if(visited[a][b] || isCyclic(grid, visited, a,b,i,j))
                    return true;
        }
        return false;
    }
    bool containsCycle(vector<vector<char>>& grid) {
        int n = grid.size(), m = grid[0].size();
        vector<vector<bool>> visited(n, vector<bool>(m, false));
        for(int i = 0; i < n; ++i)
            for(int j = 0; j < m; ++j)
                if(!visited[i][j] && isCyclic(grid, visited, i, j, -1, -1))
                    return true;
        return false;
    }
};",1663,cpp,57,67,5
411,411-1663-cpp-57_22,0.4811594202898551,"class Solution {
public:
   vector<int> dir = { 0, 1, 0, -1, 0 }; 
    bool isCyclic(vector<vector<char>>& grid, vector<vector<bool>>& visited, int i, int j, int x, int y)
    {
        visited[i][j] = true;
        for(int d = 0; d < 4; ++d)
        {
            int a = i+dir[d];
            int b = j+dir[d+1];
            if(a >= 0 && a < grid.size() && b >= 0 && b < grid[0].size() && grid[a][b] == grid[i][j] && !(x == a && y == b))
                if(visited[a][b] || isCyclic(grid, visited, a,b,i,j))
                    return true;
        }
        return false;
    }
    bool containsCycle(vector<vector<char>>& grid) {
        int n = grid.size(), m = grid[0].size();
        vector<vector<bool>> visited(n, vector<bool>(m, false));
        for(int i = 0; i < n; ++i)
            for(int j = 0; j < m; ++j)
                if(!visited[i][j] && isCyclic(grid, visited, i, j, -1, -1))
                    return true;
        return false;
    }
};","class Solution {
public:
   vector<int> dir = { 0, 1, 0, -1, 0 }; 
    bool isCyclic(vector<vector<char>>& grid, vector<vector<bool>>& visited, int i, int j, int x, int y)
    {
        visited[i][j] = true;
        for(int d = 0; d < 4; ++d)
        {
            int a = i+dir[d];
            int b = j+dir[d+1];
            if(a >= 0 && a < grid.size() && b >= 0 && b < grid[0].size() && grid[a][b] == grid[i][j] && !(x == a && y == b)) {
                if(visited[a][b] || isCyclic(grid, visited, a,b,i,j)) {
                    return true;
                }
            }
        }
        return false;
    }
    bool containsCycle(vector<vector<char>>& grid) {
        int n = grid.size(), m = grid[0].size();
        vector<vector<bool>> visited(n, vector<bool>(m, false));
        for(int i = 0; i < n; ++i) {
            for(int j = 0; j < m; ++j) {
                if(!visited[i][j] && isCyclic(grid, visited, i, j, -1, -1)) {
                    return true;
                }
            }
        }
        return false;
    }
};",1663,cpp,57,71,22
124,124-329-cpp-128_5,0.2615384615384615,"class Solution {
public:
    int longestIncreasingPath(vector<vector<int>>& matrix, int res = 0) {
        vector<pair<int, int>> dirs = {{0, 1}, {0,-1}, {1, 0}, {-1, 0}};
        auto is_valid  = [&](int i, int j) {
            if (i < 0 || i == matrix.size()) return false;
            if (j < 0 || j == matrix[0].size()) return false;
            return true;
        };
        
        unordered_map<string, int> cache;
        auto gen_key = [](int i, int j) { return to_string(i) + ""-"" + to_string(j); };
        
        function<int(int, int)> go = [&](auto i, auto j) {
            auto key = gen_key(i, j);
            if (cache.count(key)) return cache[key];
			
            int local = 1;
            for (auto dir: dirs) {
                vector<int> to = {i + dir.first, j + dir.second};
                if (is_valid(to[0], to[1]))
                    if (matrix[i][j] < matrix[to[0]][to[1]])
                        local = max(local, 1 + go(to[0], to[1]));
            }
            return cache[key] = local;
        };
        
        for (int i = 0; i < matrix.size(); i++)
            for (int j = 0; j < matrix[i].size(); j++) 
                res = max(res, go(i, j));
        return res;
    }
};","class Solution {
public:
    int longestIncreasingPath(vector<vector<int>>& matrix, int res = 0) {
        vector<pair<int, int>> dirs = {{0, 1}, {0,-1}, {1, 0}, {-1, 0}};
        unordered_map<string, int> cache;
        auto gen_key = [](int i, int j) { return to_string(i) + ""-"" + to_string(j); };
        
        auto is_valid  = [&](int i, int j) {
            if (i < 0 || i == matrix.size()) return false;
            if (j < 0 || j == matrix[0].size()) return false;
            return true;
        };
        
        function<int(int, int)> go = [&](auto i, auto j) {
            auto key = gen_key(i, j);
            if (cache.count(key)) return cache[key];
			
            int local = 1;
            for (auto dir: dirs) {
                vector<int> to = {i + dir.first, j + dir.second};
                if (is_valid(to[0], to[1]))
                    if (matrix[i][j] < matrix[to[0]][to[1]])
                        local = max(local, 1 + go(to[0], to[1]));
            }
            return cache[key] = local;
        };
        
        for (int i = 0; i < matrix.size(); i++)
            for (int j = 0; j < matrix[i].size(); j++) 
                res = max(res, go(i, j));
        return res;
    }
};",329,cpp,128,62,5
124,124-329-cpp-128_22,0.3717948717948717,"class Solution {
public:
    int longestIncreasingPath(vector<vector<int>>& matrix, int res = 0) {
        vector<pair<int, int>> dirs = {{0, 1}, {0,-1}, {1, 0}, {-1, 0}};
        auto is_valid  = [&](int i, int j) {
            if (i < 0 || i == matrix.size()) return false;
            if (j < 0 || j == matrix[0].size()) return false;
            return true;
        };
        
        unordered_map<string, int> cache;
        auto gen_key = [](int i, int j) { return to_string(i) + ""-"" + to_string(j); };
        
        function<int(int, int)> go = [&](auto i, auto j) {
            auto key = gen_key(i, j);
            if (cache.count(key)) return cache[key];
			
            int local = 1;
            for (auto dir: dirs) {
                vector<int> to = {i + dir.first, j + dir.second};
                if (is_valid(to[0], to[1]))
                    if (matrix[i][j] < matrix[to[0]][to[1]])
                        local = max(local, 1 + go(to[0], to[1]));
            }
            return cache[key] = local;
        };
        
        for (int i = 0; i < matrix.size(); i++)
            for (int j = 0; j < matrix[i].size(); j++) 
                res = max(res, go(i, j));
        return res;
    }
};","class Solution {
public:
    int longestIncreasingPath(vector<vector<int>>& matrix, int res = 0) {
        vector<pair<int, int>> dirs = {{0, 1}, {0, -1}, {1, 0}, {-1, 0}};
        auto is_valid = [&](int i, int j) {
            if (i < 0 || i == matrix.size()) return false;
            if (j < 0 || j == matrix[0].size()) return false;
            return true;
        };

        unordered_map<string, int> cache;
        auto gen_key = [](int i, int j) { return to_string(i) + ""-"" + to_string(j); };

        function<int(int, int)> go = [&](auto i, auto j) {
            auto key = gen_key(i, j);
            if (cache.count(key)) return cache[key];

            int local = 1;
            for (auto dir : dirs) {
                vector<int> to = {i + dir.first, j + dir.second};
                if (is_valid(to[0], to[1])) {
                    if (matrix[i][j] < matrix[to[0]][to[1]]) {
                        local = max(local, 1 + go(to[0], to[1]));
                    }
                }
            }
            return cache[key] = local;
        };

        for (int i = 0; i < matrix.size(); i++) {
            for (int j = 0; j < matrix[i].size(); j++) {
                res = max(res, go(i, j));
            }
        }
        return res;
    }
};",329,cpp,128,119,22
124,124-329-cpp-128_25,0.1794871794871795,"class Solution {
public:
    int longestIncreasingPath(vector<vector<int>>& matrix, int res = 0) {
        vector<pair<int, int>> dirs = {{0, 1}, {0,-1}, {1, 0}, {-1, 0}};
        auto is_valid  = [&](int i, int j) {
            if (i < 0 || i == matrix.size()) return false;
            if (j < 0 || j == matrix[0].size()) return false;
            return true;
        };
        
        unordered_map<string, int> cache;
        auto gen_key = [](int i, int j) { return to_string(i) + ""-"" + to_string(j); };
        
        function<int(int, int)> go = [&](auto i, auto j) {
            auto key = gen_key(i, j);
            if (cache.count(key)) return cache[key];
			
            int local = 1;
            for (auto dir: dirs) {
                vector<int> to = {i + dir.first, j + dir.second};
                if (is_valid(to[0], to[1]))
                    if (matrix[i][j] < matrix[to[0]][to[1]])
                        local = max(local, 1 + go(to[0], to[1]));
            }
            return cache[key] = local;
        };
        
        for (int i = 0; i < matrix.size(); i++)
            for (int j = 0; j < matrix[i].size(); j++) 
                res = max(res, go(i, j));
        return res;
    }
};","class Solution {
public:
    int longestIncreasingPath(vector<vector<int>>& matrix, int res = 0) {
        vector<pair<int, int>> dirs = {{0, 1}, {0,-1}, {1, 0}, {-1, 0}};
        auto is_valid  = [&](int i, int j) {
            if (i < 0 || i == matrix.size()) return false;
            if (j < 0 || j == matrix[0].size()) return false;
            return true;
        };
        
        unordered_map<string, int> cache;
        auto gen_key = [](int i, int j) { return to_string(i) + ""-"" + to_string(j); };
        
        function<int(int, int)> go = [&](auto i, auto j) {
            auto key = gen_key(i, j);
            if (cache.count(key)) return cache[key];
			
            int local = 1;
            for (auto dir: dirs) {
                vector<int> to = {i + dir.first, j + dir.second};
                if (is_valid(to[0], to[1]))
                    if (matrix[i][j] < matrix[to[0]][to[1]])
                        local = max(local, 1 + go(to[0], to[1]));
            }
            return cache[key] = local;
        };
		
		auto new_function = [&](int i, int j, int extra_param = 0) {
            // function implementation
        };
        
        for (int i = 0; i < matrix.size(); i++)
            for (int j = 0; j < matrix[i].size(); j++) 
                res = max(res, go(i, j));
        return res;
    }
};",329,cpp,128,62,25
20,20-53-cpp-43_0,0.3873873873873874,"class Solution {
public:
    int maxSubArray(vector<int>& nums) {
        int maxi=INT_MIN;
        int temp=0;
        for(int i=0;i<nums.size();i++){
            temp=temp+nums[i];

            maxi=max(maxi,temp);
            if(temp<0){
                temp=0;
            }
            
        }
        return maxi;
    }
};","class Solution {
public:
    int maxSubArray(vector<int>& nums) {
        int maxi=INT_MIN;
        int temp=0;
        for(int i=0;i<nums.size();i++){
            temp=temp+nums[i];
            maxi=max(maxi,temp);
            if(temp<0){
                temp=0;
            }
        }
        return maxi;
    }
};",53,cpp,43,77,0
20,20-53-cpp-43_3,0.3153153153153153,"class Solution {
public:
    int maxSubArray(vector<int>& nums) {
        int maxi=INT_MIN;
        int temp=0;
        for(int i=0;i<nums.size();i++){
            temp=temp+nums[i];

            maxi=max(maxi,temp);
            if(temp<0){
                temp=0;
            }
            
        }
        return maxi;
    }
};","class Solution {
public:
    int maxSubArray(vector<int>& nums) {
        int maxi = INT_MIN;
        int temp = 0;
        for(int i = 0; i < nums.size(); i++){
            temp = temp + nums[i];

            maxi = max(maxi, temp);
            if(temp < 0){
                temp = 0;
            }
            
        }
        return maxi;
    }
};",53,cpp,43,0,3
20,20-53-cpp-43_23,0.3333333333333333,"class Solution {
public:
    int maxSubArray(vector<int>& nums) {
        int maxi=INT_MIN;
        int temp=0;
        for(int i=0;i<nums.size();i++){
            temp=temp+nums[i];

            maxi=max(maxi,temp);
            if(temp<0){
                temp=0;
            }
            
        }
        return maxi;
    }
};","class Solution {
public:
    int maxSubArray(vector<int>& nums) {
        int maxi=INT_MIN;
        int temp=0;
        for(int i=0;i<nums.size();i++){
            temp=temp+nums[i];

            maxi=max(maxi,temp);
            if(temp>=0){ // Swapped the conditions within the if-else statement
                temp=0;
            }
            
        }
        return maxi;
    }
};",53,cpp,43,167,23
20,20-53-cpp-43_26,0.054054054054054,"class Solution {
public:
    int maxSubArray(vector<int>& nums) {
        int maxi=INT_MIN;
        int temp=0;
        for(int i=0;i<nums.size();i++){
            temp=temp+nums[i];

            maxi=max(maxi,temp);
            if(temp<0){
                temp=0;
            }
            
        }
        return maxi;
    }
};","class Solution {
public:
    int maxSubArray(vector<int>& nums) {
        int maxi=INT_MIN;
        int temp=0;
        for(int i=0;i<nums.size();i++){
            temp=temp+nums[i];

            maxi=max(maxi,temp);
            if(temp<0){
                temp=0;
            }
            
        }
        return maxi;
    }
    
    int findMaxSubarray(vector<int>& nums) {
        int maxi=INT_MIN;
        int temp=0;
        for(int i=0;i<nums.size();i++){
            temp=temp+nums[i];

            maxi=max(maxi,temp);
            if(temp<0){
                temp=0;
            }
            
        }
        return maxi;
    }
};",53,cpp,43,167,26
295,295-1033-cpp-3_12,0.2637362637362637,"class Solution {
public:
    int brokenCalc(int startValue, int target) {
        int result = 0;
        while(target > startValue){
            if(target % 2 == 0){
                target /= 2;
            }
            else{
                target++;
            }
            result++;
        }
        return result + (startValue - target);
    }
};","class Solution {
public:
    int brokenCalc(int startValue, int target) {
        int result = 0;
        while (target > startValue) {
            if (target % 2 == 0) {
                target /= 2;
            } else {
                target++;
            }
            result++;
        }
        return result + (startValue - target);
    }
};",1033,cpp,3,0,12
196,196-535-csharp-5_0,0.4680851063829787,"public class Codec {
    private Dictionary<string,string> storage;
    const string chars = ""ABCDEFGHIJKLMNOPQRSTUVWXYZ0123456789"";
    int id;
    public Codec(){
        storage = new Dictionary<string,string>();
        id=0;
    }
    // Encodes a URL to a shortened URL
    public string encode(string longUrl) {
        string shortUrl = id.ToString();
        id++;
        storage.Add(shortUrl,longUrl);
        return shortUrl;
    }

    // Decodes a shortened URL to its original URL.
    public string decode(string shortUrl) {
        return storage[shortUrl];
    }
}

// Your Codec object will be instantiated and called as such:
// Codec codec = new Codec();
// codec.decode(codec.encode(url));","public class Codec {
    private Dictionary<string,string> storage;
    const string chars = ""ABCDEFGHIJKLMNOPQRSTUVWXYZ0123456789"";
    int id;
    public Codec(){
        storage = new Dictionary<string,string>();
        id=0;
    }
    public string encode(string longUrl) {
        string shortUrl = id.ToString();
        id++;
        storage.Add(shortUrl,longUrl);
        return shortUrl;
    }
    public string decode(string shortUrl) {
        return storage[shortUrl];
    }
}",535,csharp,5,88,0
471,471-1920-cpp-139_8,0.0092592592592592,"class Solution {
public:
    bool squareIsWhite(string coordinates) {
        unordered_map<char,int>m;
        m['a']=0;
        m['b']=1;
        m['c']=0;
        m['d']=1;
        m['e']=0;
        m['f']=1;
        m['g']=0;
        m['h']=1;
        if(m[coordinates[0]]==0)
        {
          
            if((coordinates[1]-'0')%2==0)
            {
                return true;
            }
            else
            {
                return false;
            }
        }
        else{
            
            if((coordinates[1]-'0')%2!=0)
            {
                return true;
            }
            else
            {
                return false;
            }

        }
        return true;
    }
};","class Solution {
public:
    bool squareIsWhite(string coordinates) {
        unordered_map<char,int>m;
        m['a']=0;
        m['b']=1;
        m['c']=0;
        m['d']=1;
        m['e']=0;
        m['f']=1;
        m['g']=0;
        m['h']=1;
        if(m[coordinates[0]]!=0)
        {
          
            if((coordinates[1]-'0')%2==0)
            {
                return true;
            }
            else
            {
                return false;
            }
        }
        else{
            
            if((coordinates[1]-'0')%2==0)
            {
                return true;
            }
            else
            {
                return false;
            }

        }
        return true;
    }
};",1920,cpp,139,186,8
471,471-1920-cpp-139_19,0.4351851851851852,"class Solution {
public:
    bool squareIsWhite(string coordinates) {
        unordered_map<char,int>m;
        m['a']=0;
        m['b']=1;
        m['c']=0;
        m['d']=1;
        m['e']=0;
        m['f']=1;
        m['g']=0;
        m['h']=1;
        if(m[coordinates[0]]==0)
        {
          
            if((coordinates[1]-'0')%2==0)
            {
                return true;
            }
            else
            {
                return false;
            }
        }
        else{
            
            if((coordinates[1]-'0')%2!=0)
            {
                return true;
            }
            else
            {
                return false;
            }

        }
        return true;
    }
};","class Solution {
public:
    bool squareIsWhite(string coordinates) {
        unordered_map<char,int>m;
        m['a']=0;
        m['b']=1;
        m['c']=0;
        m['d']=1;
        m['e']=0;
        m['f']=1;
        m['g']=0;
        m['h']=1;
        
        switch(m[coordinates[0]]) {
            case 0:
                return ((coordinates[1]-'0') % 2 == 0) ? true : false;
            case 1:
                return ((coordinates[1]-'0') % 2 != 0) ? true : false;
        }
        
        return true;
    }
};",1920,cpp,139,167,19
471,471-1920-cpp-139_20,0.4768518518518518,"class Solution {
public:
    bool squareIsWhite(string coordinates) {
        unordered_map<char,int>m;
        m['a']=0;
        m['b']=1;
        m['c']=0;
        m['d']=1;
        m['e']=0;
        m['f']=1;
        m['g']=0;
        m['h']=1;
        if(m[coordinates[0]]==0)
        {
          
            if((coordinates[1]-'0')%2==0)
            {
                return true;
            }
            else
            {
                return false;
            }
        }
        else{
            
            if((coordinates[1]-'0')%2!=0)
            {
                return true;
            }
            else
            {
                return false;
            }

        }
        return true;
    }
};","class Solution {
public:
    bool squareIsWhite(string coordinates) {
        unordered_map<char,int>m;
        m['a']=0;
        m['b']=1;
        m['c']=0;
        m['d']=1;
        m['e']=0;
        m['f']=1;
        m['g']=0;
        m['h']=1;
        
        if(m[coordinates[0]]==0) {
            if((coordinates[1]-'0')%2==0) {
                return true;
            } else {
                return false;
            }
        }
        else {
            if((coordinates[1]-'0')%2!=0) {
                return true;
            } else {
                return false;
            }
        }
        return true;
    }
};",1920,cpp,139,167,20
375,375-1525-cpp-129_0,0.3239999999999999,"class Solution {
public:
    vector<int> processQueries(vector<int>& queries, int m) {
        vector<int> ans;
        for(int i=1;i<=m;i++)
        ans.push_back(i);
        map<int,int> mp;
        for(int i=0;i<ans.size();i++)
            mp[ans[i]]=i;
        vector<int> v;
        for(int i=0;i<queries.size();i++)
        {
           int x=mp[queries[i]];
            v.push_back(x);// storing the index no
            for(auto it:mp)
           {
               
                if(it.second<x) // for indexes less than index of queries[i] incrementing by 1
                {
                    mp[it.first]+=1;               
                }
           }
            mp[queries[i]]=0; // for making the index of queries[i] equal to zero to make it appear at first
        }
        return v;
        
    }
};","class Solution {
public:
    vector<int> processQueries(vector<int>& queries, int m) {
        vector<int> ans;
        for(int i=1;i<=m;i++)
        ans.push_back(i);
        map<int,int> mp;
        for(int i=0;i<ans.size();i++)
            mp[ans[i]]=i;
        vector<int> v;
        for(int i=0;i<queries.size();i++)
        {
           int x=mp[queries[i]];
            v.push_back(x);
            for(auto it:mp)
           {
               
                if(it.second<x)
                {
                    mp[it.first]+=1;               
                }
           }
            mp[queries[i]]=0;
        }
        return v;
        
    }
};",1525,cpp,129,139,0
375,375-1525-cpp-129_5,0.396,"class Solution {
public:
    vector<int> processQueries(vector<int>& queries, int m) {
        vector<int> ans;
        for(int i=1;i<=m;i++)
        ans.push_back(i);
        map<int,int> mp;
        for(int i=0;i<ans.size();i++)
            mp[ans[i]]=i;
        vector<int> v;
        for(int i=0;i<queries.size();i++)
        {
           int x=mp[queries[i]];
            v.push_back(x);// storing the index no
            for(auto it:mp)
           {
               
                if(it.second<x) // for indexes less than index of queries[i] incrementing by 1
                {
                    mp[it.first]+=1;               
                }
           }
            mp[queries[i]]=0; // for making the index of queries[i] equal to zero to make it appear at first
        }
        return v;
        
    }
};","class Solution {
public:
    vector<int> processQueries(vector<int>& queries, int m) {
        vector<int> ans;
        for(int i=1;i<=m;i++)
        ans.push_back(i);
        map<int,int> mp;
        for(int i=0;i<ans.size();i++)
            mp[ans[i]]=i;
        vector<int> v;
        for(int i=0;i<queries.size();i++)
        {
            int x=mp[queries[i]];
            for(auto it:mp)
            {
                if(it.second<x) // for indexes less than index of queries[i] incrementing by 1
                {
                    mp[it.first]+=1;               
                }
            }
            mp[queries[i]]=0; // for making the index of queries[i] equal to zero to make it appear at first
            v.push_back(x); // storing the index no
        }
        return v;
        
    }
};",1525,cpp,129,139,5
418,418-1691-python-172_26,0.2962226640159045,"// OJ: https://leetcode.com/problems/minimum-number-of-days-to-disconnect-island/
// Author: github.com/lzl124631x
// Time: O((MN)^2)
// Space: O(MN)
class Solution {
    int M, N, dirs[4][2] = {{0,1},{0,-1},{1,0},{-1,0}};
    void dfs(vector<vector<int>> &G, int i, int j,vector<vector<int>> &seen) {
        seen[i][j] = true;
        for (auto &[dx, dy] : dirs) {
            int x = dx + i, y = dy + j;
            if (x < 0 || x >= M || y < 0 || y >= N || G[x][y] != 1 || seen[x][y]) continue;
            dfs(G, x, y, seen);
        }
    }
    bool disconnected(vector<vector<int>> &G) {
        vector<vector<int>> seen(M, vector<int>(N, false));
        int cnt = 0;
        for (int i = 0; i < M; ++i) {
            for (int j = 0; j < N; ++j) {
                if (G[i][j] != 1 || seen[i][j]) continue;
                if (++cnt > 1) return true;
                dfs(G, i, j, seen);
            }
        }
        return cnt == 0;
    }
public:
    int minDays(vector<vector<int>>& G) {
        M = G.size(), N = G[0].size();
        if (disconnected(G)) return 0;
        for (int i = 0; i < M; ++i) {
            for (int j = 0; j < N; ++j) {
                if (G[i][j] != 1) continue;
                G[i][j] = 0;
                if (disconnected(G)) return 1;
                G[i][j] = 1;
            }
        }
        return 2;
    }
};","// OJ: https://leetcode.com/problems/minimum-number-of-days-to-disconnect-island/
// Author: github.com/lzl124631x
// Time: O((MN)^2)
// Space: O(MN)
class Solution {
    int M, N, dirs[4][2] = {{0,1},{0,-1},{1,0},{-1,0}};
    void dfs(vector<vector<int>> &G, int i, int j,vector<vector<int>> &seen) {
        seen[i][j] = true;
        for (auto &[dx, dy] : dirs) {
            int x = dx + i, y = dy + j;
            if (x < 0 || x >= M || y < 0 || y >= N || G[x][y] != 1 || seen[x][y]) continue;
            dfs(G, x, y, seen);
        }
    }
    bool disconnected(vector<vector<int>> &G) {
        vector<vector<int>> seen(M, vector<int>(N, false));
        int cnt = 0;
        for (int i = 0; i < M; ++i) {
            for (int j = 0; j < N; ++j) {
                if (G[i][j] != 1 || seen[i][j]) continue;
                if (++cnt > 1) return true;
                dfs(G, i, j, seen);
            }
        }
        return cnt == 0;
    }
    int findDaysToDisconnect(vector<vector<int>>& G, int i, int j) {
        G[i][j] = 0;
        int days = disconnected(G) ? 1 : 2;
        G[i][j] = 1;
        return days;
    }
public:
    int minDays(vector<vector<int>>& G) {
        M = G.size(), N = G[0].size();
        if (disconnected(G)) return 0;
        for (int i = 0; i < M; ++i) {
            for (int j = 0; j < N; ++j) {
                if (G[i][j] == 1) {
                    if (findDaysToDisconnect(G, i, j) == 1) return 1;
                }
            }
        }
        return 2;
    }
};",1691,python,172,57,26
183,183-496-cpp-170_0,0.3686635944700461,"class Solution {
public:
    vector<int> nextGreaterElement(vector<int>& nums1, vector<int>& nums2) {
        vector<int> ans;
        for(int i=0;i<nums1.size();i++){
            int max=-1;
            for(int j=0;j<nums2.size();j++){
                int index=j;
                if(nums1[i]==nums2[j]){ // Found element in nums2 that matches current element in nums1
                     while(index!=nums2.size()){ // Iterate through remaining elements in nums2 to find next greater element
                        if(nums2[index]>nums1[i]){
                            max=nums2[index]; // Update max if we find a greater element
                            break;
                        }
                        index++;
                    }
               }
            }
            ans.push_back(max);
        }
        return ans;
    }
};","class Solution {
public:
    vector<int> nextGreaterElement(vector<int>& nums1, vector<int>& nums2) {
        vector<int> ans;
        for(int i=0;i<nums1.size();i++){
            int max=-1;
            for(int j=0;j<nums2.size();j++){
                int index=j;
                if(nums1[i]==nums2[j]){ 
                     while(index!=nums2.size()){ 
                        if(nums2[index]>nums1[i]){
                            max=nums2[index]; 
                            break;
                        }
                        index++;
                    }
               }
            }
            ans.push_back(max);
        }
        return ans;
    }
};",496,cpp,170,71,0
183,183-496-cpp-170_21,0.4377880184331797,"class Solution {
public:
    vector<int> nextGreaterElement(vector<int>& nums1, vector<int>& nums2) {
        vector<int> ans;
        for(int i=0;i<nums1.size();i++){
            int max=-1;
            for(int j=0;j<nums2.size();j++){
                int index=j;
                if(nums1[i]==nums2[j]){ // Found element in nums2 that matches current element in nums1
                     while(index!=nums2.size()){ // Iterate through remaining elements in nums2 to find next greater element
                        if(nums2[index]>nums1[i]){
                            max=nums2[index]; // Update max if we find a greater element
                            break;
                        }
                        index++;
                    }
               }
            }
            ans.push_back(max);
        }
        return ans;
    }
};","class Solution {
public:
    vector<int> nextGreaterElement(vector<int>& nums1, vector<int>& nums2) {
        vector<int> ans;
        for(int i=0;i<nums1.size();i++){
            int max=-1;
            for(int j=0;j<nums2.size();j++){
                int index=j;
                if(nums1[i]==nums2[j]){
                     while(index!=nums2.size()){ 
                        max = nums2[index]>nums1[i] ? nums2[index] : max;
                        if(nums2[index]>nums1[i]){
                            break;
                        }
                        index++;
                    }
               }
            }
            ans.push_back(max);
        }
        return ans;
    }
};",496,cpp,170,71,21
421,421-1699-java-189_0,0.4525993883792049,"class Solution {
    public int numTriplets(int[] a, int[] b) {
        Arrays.sort(a);
        Arrays.sort(b);
        return cnt(a, b) + cnt(b, a);
    }
    
    private int cnt(int[] a, int[] b) {
        int res = 0, m = a.length, n = b.length;
        for (int i = 0; i < m; i++) {
            long t = ((long) a[i]) * ((long) a[i]);
            for (int l = 0, r = n - 1; l < n - 1; l++) { // finding pairs for i, l, r;
                if (((long) b[l]) * ((long) b[r]) < t) continue;
                while (r >= l && ((long) b[l]) * ((long) b[r]) > t) r--;
                if (r <= l) break;
                if (((long) b[l]) * ((long) b[r]) == t) {
                    int orig = r;
                    while(r > l && b[r] == b[orig]) {  // [1, 1], [1, 1, 1]
                        r--;
                        res++;
                    }
                    r = orig;  // reset to next cont;
                }
            }
        }
        return res;
    }
}","class Solution {
    public int numTriplets(int[] a, int[] b) {
        Arrays.sort(a);
        Arrays.sort(b);
        return cnt(a, b) + cnt(b, a);
    }

    private int cnt(int[] a, int[] b) {
        int res = 0, m = a.length, n = b.length;
        for (int i = 0; i < m; i++) {
            long t = ((long) a[i]) * ((long) a[i]);
            for (int l = 0, r = n - 1; l < n - 1; l++) {
                if (((long) b[l]) * ((long) b[r]) < t) continue;
                while (r >= l && ((long) b[l]) * ((long) b[r]) > t) r--;
                if (r <= l) break;
                if (((long) b[l]) * ((long) b[r]) == t) {
                    int orig = r;
                    while (r > l && b[r] == b[orig]) {
                        r--;
                        res++;
                    }
                    r = orig;
                }
            }
        }
        return res;
    }
}",1699,java,189,175,0
44,44-98-java-30_10,0.4876033057851239,"class Solution {
    public boolean isValidBST(TreeNode root) {
        return isBST(root, Long.MIN_VALUE, Long.MAX_VALUE);
    }

    private boolean isBST(TreeNode root, long min, long max){
        if(root == null) return true;
        if(root.val <= min || root.val >= max) return false; 
        return isBST(root.left, min, root.val) && isBST(root.right, root.val, max);
    }
}","class Solution {
    public boolean isValidBST(TreeNode root) {
        return isBST(root, Long.MIN_VALUE, Long.MAX_VALUE);
    }

    private boolean isBST(TreeNode root, long min, long max){
        if(root == null) return true;
        if(root.val <= 9223372036854775807L || root.val >= 9223372036854775807L) return false; 
        return isBST(root.left, min, root.val) && isBST(root.right, root.val, max);
    }
}",98,java,30,3,10
298,298-1034-cpp-186_0,0.1090047393364929,"class Solution {
public:
    int solve(vector<int>& nums, int k)
    {
        int i=0,res=0;
        unordered_map<int,int> m;
        for(int j=0;j<nums.size();j++)
        {
            if(!m[nums[j]]++)
                k--;
            while(k<0)
            {
                if(!--m[nums[i]])
                    k++;
                i++;
            }
            res+=j-i+1;
        }
        return res;
        
    }
    int subarraysWithKDistinct(vector<int>& nums, int k)
    {
        return solve(nums,k)-solve(nums,k-1); //(1 to k all)-(1 to k-1 all)==exactly k  
        
    }
};
//if you like the solution plz upvote.","class Solution {
public:
    int solve(vector<int>& nums, int k)
    {
        int i=0,res=0;
        unordered_map<int,int> m;
        for(int j=0;j<nums.size();j++)
        {
            if(!m[nums[j]]++)
                k--;
            while(k<0)
            {
                if(!--m[nums[i]])
                    k++;
                i++;
            }
            res+=j-i+1;
        }
        return res;
        
    }
    int subarraysWithKDistinct(vector<int>& nums, int k)
    {
        return solve(nums,k)-solve(nums,k-1);   
        
    }
};",1034,cpp,186,91,0
298,298-1034-cpp-186_1,0.0521327014218009,"class Solution {
public:
    int solve(vector<int>& nums, int k)
    {
        int i=0,res=0;
        unordered_map<int,int> m;
        for(int j=0;j<nums.size();j++)
        {
            if(!m[nums[j]]++)
                k--;
            while(k<0)
            {
                if(!--m[nums[i]])
                    k++;
                i++;
            }
            res+=j-i+1;
        }
        return res;
        
    }
    int subarraysWithKDistinct(vector<int>& nums, int k)
    {
        return solve(nums,k)-solve(nums,k-1); //(1 to k all)-(1 to k-1 all)==exactly k  
        
    }
};
//if you like the solution plz upvote.","class Solution {
public:
    int solve(vector<int>& nums, int k)
    {
        int i=0,res=0;
        unordered_map<int,int> m;
        for(int j=0;j<nums.size();j++)
        {
            if(!m[nums[j]]++)
                k--;
            while(k<0)
            {
                if(!--m[nums[i]])
                    k++;
                i++;
            }
            res+=j-i+1;
        }
        return res;
        
    }
    int subarraysWithKDistinct(vector<int>& nums, int k)
    {
        return solve(nums,k)-solve(nums,k-1); //(1 to k all)-(1 to k-1 all)==exactly k  
        
    }
};",1034,cpp,186,91,1
298,298-1034-cpp-186_18,0.3696682464454977,"class Solution {
public:
    int solve(vector<int>& nums, int k)
    {
        int i=0,res=0;
        unordered_map<int,int> m;
        for(int j=0;j<nums.size();j++)
        {
            if(!m[nums[j]]++)
                k--;
            while(k<0)
            {
                if(!--m[nums[i]])
                    k++;
                i++;
            }
            res+=j-i+1;
        }
        return res;
        
    }
    int subarraysWithKDistinct(vector<int>& nums, int k)
    {
        return solve(nums,k)-solve(nums,k-1); //(1 to k all)-(1 to k-1 all)==exactly k  
        
    }
};
//if you like the solution plz upvote.","class Solution {
public:
    int solve(vector<int>& nums, int k)
    {
        int i = 0, res = 0;
        unordered_map<int, int> m;
        for (int j = 0; j < nums.size(); j++)
        {
            if (!m[nums[j]]++)
                k--;
            for (; k < 0;)
            {
                if (!--m[nums[i]])
                    k++;
                i++;
            }
            res += j - i + 1;
        }
        return res;
        
    }
    int subarraysWithKDistinct(vector<int>& nums, int k)
    {
        return solve(nums, k) - solve(nums, k - 1); //(1 to k all)-(1 to k-1 all)==exactly k  
    }
};
// if you like the solution plz upvote.",1034,cpp,186,94,18
298,298-1034-cpp-186_26,0.2037914691943128,"class Solution {
public:
    int solve(vector<int>& nums, int k)
    {
        int i=0,res=0;
        unordered_map<int,int> m;
        for(int j=0;j<nums.size();j++)
        {
            if(!m[nums[j]]++)
                k--;
            while(k<0)
            {
                if(!--m[nums[i]])
                    k++;
                i++;
            }
            res+=j-i+1;
        }
        return res;
        
    }
    int subarraysWithKDistinct(vector<int>& nums, int k)
    {
        return solve(nums,k)-solve(nums,k-1); //(1 to k all)-(1 to k-1 all)==exactly k  
        
    }
};
//if you like the solution plz upvote.","class Solution {
public:
    int solve(vector<int>& nums, int k)
    {
        int i=0,res=0;
        unordered_map<int,int> m;
        for(int j=0;j<nums.size();j++)
        {
            if(!m[nums[j]]++)
                k--;
            while(k<0)
            {
                if(!--m[nums[i]])
                    k++;
                i++;
            }
            res+=j-i+1;
        }
        return res;
    }

    int subarraysWithKDistinct(vector<int>& nums, int k)
    {
        return solve(nums,k)-solve(nums,k-1); //(1 to k all)-(1 to k-1 all)==exactly k
    }
};

// Extracting the solve function into a standalone function
class Solution {
public:
    int solve(vector<int>& nums, int k)
    {
        int i=0,res=0;
        unordered_map<int,int> m;
        for(int j=0;j<nums.size();j++)
        {
            if(!m[nums[j]]++)
                k--;
            while(k<0)
            {
                if(!--m[nums[i]])
                    k++;
                i++;
            }
            res+=j-i+1;
        }
        return res;
    }

    int subarraysWithKDistinct(vector<int>& nums, int k)
    {
        return solve(nums,k)-solve(nums,k-1); //(1 to k all)-(1 to k-1 all)==exactly k
    }
};

// Function invocation
Solution s;
vector<int> nums = {1, 2, 3, 1, 2, 3};
int k = 2;
int result = s.subarraysWithKDistinct(nums, k);",1034,cpp,186,91,26
351,351-1422-javascript-170_14,0.0756756756756756,"var isPossibleDivide = function(nums, k) {
  const map = new Map();
  for (const num of nums) {
    map.set(num, (map.get(num) || 0) + 1);
  }
  while (map.size !== 0) {
    const first = Array.from(map.keys()).sort((a, b) => a - b)[0];
    for (let i = first; i < first + k; i++) {
      if (!map.has(i)) {
        return false;
      }
      map.set(i, map.get(i) - 1);
      if (map.get(i) === 0) {
        map.delete(i);
      }
    }
  }
  return true;
}","var isPossibleDivide = function(nums, k) {
  const map = new Map();
  for (const num of nums) {
    map.set(110, (map.get(110) || 0) + 1);
  }
  while (map.size !== 0) {
    const first = Array.from(map.keys()).sort((a, b) => a - b)[0];
    for (let i = first; i < first + k; i++) {
      if (!map.has(105)) {
        return false;
      }
      map.set(105, map.get(105) - 1);
      if (map.get(105) === 0) {
        map.delete(105);
      }
    }
  }
  return true;
}",1422,javascript,170,47,14
462,462-1885-cpp-188_26,0.0342465753424657,"class Solution {
public:
    int countHomogenous(string s) {
        int M=1e9+7;
        int ans=0;
        int curr_cnt=1;
        ans+=1;
        for(int i=1;i<s.length();i++){
            if(s[i]!=s[i-1]){
                curr_cnt=1;
                ans+=curr_cnt;
            }
            else{
                curr_cnt++;
                ans+=curr_cnt;
                ans=ans%M;
            }
        }
        return ans;
    }
};","class Solution {
public:
    int countHomogenous(string s) {
        int M=1e9+7;
        int ans=0;
        int curr_cnt=1;
        ans+=1;
        for(int i=1;i<s.length();i++){
            if(s[i]!=s[i-1]){
                curr_cnt=1;
                ans+=curr_cnt;
            }
            else{
                curr_cnt++;
                ans+=curr_cnt;
                ans=ans%M;
            }
        }
        return ans;
    }

    int calculateCount(string s, int M) {
        int ans=0;
        int curr_cnt=1;
        ans+=1;
        for(int i=1;i<s.length();i++){
            if(s[i]!=s[i-1]){
                curr_cnt=1;
                ans+=curr_cnt;
            }
            else{
                curr_cnt++;
                ans+=curr_cnt;
                ans=ans%M;
            }
        }
        return ans;
    }
};",1885,cpp,188,167,26
308,308-1058-cpp-153_0,0.231638418079096,"class Solution {
public:
    int findParent(int node, vector<int>&parent)
    {
        int curr = node;
        while(parent[curr] != curr) curr = parent[curr];
        return curr;
    }
    void merge(int node1, int node2, vector<int>&parent)
    {
        int parent1 = findParent(node1, parent);
        int parent2 = findParent(node2, parent);
        if (parent1 == parent2) return;
        
        int minParent = min(parent1, parent2);
        int maxParent = max(parent1, parent2);
        parent[maxParent] = minParent;
    }
    string smallestEquivalentString(string s1, string s2, string baseStr)
    {
        int n = s1.size();
        vector<int>parent(26);
        for (int i = 0; i < 26; i++) parent[i] = i;
        for (int i = 0; i < n; i++) merge(s1[i] - 'a', s2[i] - 'a', parent);
        //================================================
        string ans = """";
        for (int i = 0; i < baseStr.size(); i++) 
        {
            int minParentIdx = findParent(baseStr[i] - 'a', parent);
            char minParent = minParentIdx + 'a';
            ans.push_back(minParent);
        }
        return ans;

    }
};","class Solution {
public:
    int findParent(int node, vector<int>&parent)
    {
        int curr = node;
        while(parent[curr] != curr) curr = parent[curr];
        return curr;
    }
    void merge(int node1, int node2, vector<int>&parent)
    {
        int parent1 = findParent(node1, parent);
        int parent2 = findParent(node2, parent);
        if (parent1 == parent2) return;
        
        int minParent = min(parent1, parent2);
        int maxParent = max(parent1, parent2);
        parent[maxParent] = minParent;
    }
    string smallestEquivalentString(string s1, string s2, string baseStr)
    {
        int n = s1.size();
        vector<int>parent(26);
        for (int i = 0; i < 26; i++) parent[i] = i;
        for (int i = 0; i < n; i++) merge(s1[i] - 'a', s2[i] - 'a', parent);
        
        string ans = """";
        for (int i = 0; i < baseStr.size(); i++) 
        {
            int minParentIdx = findParent(baseStr[i] - 'a', parent);
            char minParent = minParentIdx + 'a';
            ans.push_back(minParent);
        }
        return ans;

    }
};",1058,cpp,153,57,0
70,70-147-java-63_26,0.4326923076923077,"class Solution {
    public ListNode insertionSortList(ListNode head) {
        for(ListNode cur = head; cur != null; cur = cur.next) 
            for(ListNode j = head; j != cur; j = j.next) 
                if(j.val > cur.val)
                    j.val = j.val ^ cur.val ^ (cur.val = j.val);         // swap       
        return head;
    }
}","class Solution {
    public ListNode insertionSortList(ListNode head) {
        for(ListNode cur = head; cur != null; cur = cur.next) 
            for(ListNode j = head; j != cur; j = j.next) 
                if(j.val > cur.val)
                    swap(j, cur);       
        return head;
    }

    private void swap(ListNode a, ListNode b) {
        b.val = a.val ^ b.val ^ (a.val = b.val);
    }
}",147,java,63,34,26
76,76-165-cpp-127_16,0.228310502283105,"class Solution {
public:
    int compareVersion(string version1, string version2) {
        int i=0, j=0, ans1=0, ans2=0;
        while(i<version1.size() || j<version2.size()){
            while(i<version1.size() && version1[i]!='.'){
                ans1*=10;
                ans1+=(version1[i]-'0');
                i++;
            }
            while(j<version2.size() && version2[j]!='.'){
                ans2*=10;
                ans2+=(version2[j]-'0');
                j++;
            }
            if(ans1<ans2){return -1;}
            if(ans1>ans2){return 1;}
            i++;
            j++;
            ans1=0;
            ans2=0;
        }
        return 0;
    }
};","class Solution {
public:
    int compareVersion(string version1, string version2) {
        int i=0, j=0, ans1=0, ans2=0;
        while(i<version1.size() || j<version2.size()){
            while(i<version1.size() && version1[i]!='.'){
                ans1*=10;
                ans1+=(version1[i]-'0');
                i++;
            }
            while(j<version2.size() && version2[j]!='.'){
                ans2*=10;
                ans2+=(version2[j]-'0');
                j++;
            }
            if(ans1<ans2){return 0;} // Changed to 0
            if(ans1>ans2){return 1;} // Changed to 1
            i++;
            j++;
            ans1=0;
            ans2=0;
        }
        return 0;
    }
};",165,cpp,127,87,16
364,364-1460-java-130_10,0.430622009569378,"class Solution {
    public int numberOfSubstrings(String s) {
        if(s.length()<=3){
            if(s.length()==3 && s.contains(""a"") && s.contains(""b"") && s.contains(""c"")){
                return 1;
            }
            return 0;
        }
        int start=0; 
        int end=2;
        int count=0;
        while(end<s.length()){
            String temp=s.substring(start,end+1);
            while(start<=end && end-start>=3-1 && temp.contains(""a"") && temp.contains(""b"") && temp.contains(""c"")){
                count+=1+s.length()-(end+1);
                start++;
                temp=s.substring(start,end+1);
            }
            end++;
        }
        return count;
    }
}","class Solution {
    public int numberOfSubstrings(String s) {
        if(s.length()<= 3){
            if(s.length()== 3 && s.contains(""a"") && s.contains(""b"") && s.contains(""c"")){
                return 1;
            }
            return 0;
        }
        int start = 0; 
        int end = 2;
        int count = 0;
        while(end<s.length()){
            String temp = s.substring(start, end + 1);
            while(start <= end && end - start >= 3 - 1 && temp.contains(""a"") && temp.contains(""b"") && temp.contains(""c"")){
                count += 1 + s.length() - (end + 1);
                start++;
                temp = s.substring(start, end + 1);
            }
            end++;
        }
        return count;
    }
}",1460,java,130,3,10
364,364-1460-java-130_12,0.4258373205741627,"class Solution {
    public int numberOfSubstrings(String s) {
        if(s.length()<=3){
            if(s.length()==3 && s.contains(""a"") && s.contains(""b"") && s.contains(""c"")){
                return 1;
            }
            return 0;
        }
        int start=0; 
        int end=2;
        int count=0;
        while(end<s.length()){
            String temp=s.substring(start,end+1);
            while(start<=end && end-start>=3-1 && temp.contains(""a"") && temp.contains(""b"") && temp.contains(""c"")){
                count+=1+s.length()-(end+1);
                start++;
                temp=s.substring(start,end+1);
            }
            end++;
        }
        return count;
    }
}","class Solution {
    public int numberOfSubstrings(String s) {
        if(s.length()<=3){
            if(s.length()==3 && s.contains(""a"") && s.contains(""b"") && s.contains(""c"")){
                return 1;
            }
            return 0;
        }
        int start = 0; 
        int end = 2;
        int count = 0;
        while(end < s.length()){
            String temp = s.substring(start, end + 1);
            while(start <= end && end - start >= 3 - 1 && temp.contains(""a"") && temp.contains(""b"") && temp.contains(""c"")){
                count += 1 + s.length() - (end + 1);
                start++;
                temp = s.substring(start, end + 1);
            }
            end++;
        }
        return count;
    }
}",1460,java,130,82,12
364,364-1460-java-130_14,0.1244019138755981,"class Solution {
    public int numberOfSubstrings(String s) {
        if(s.length()<=3){
            if(s.length()==3 && s.contains(""a"") && s.contains(""b"") && s.contains(""c"")){
                return 1;
            }
            return 0;
        }
        int start=0; 
        int end=2;
        int count=0;
        while(end<s.length()){
            String temp=s.substring(start,end+1);
            while(start<=end && end-start>=3-1 && temp.contains(""a"") && temp.contains(""b"") && temp.contains(""c"")){
                count+=1+s.length()-(end+1);
                start++;
                temp=s.substring(start,end+1);
            }
            end++;
        }
        return count;
    }
}","class Solution {
    public int numberOfSubstrings(String s) {
        if(s.length()<=3){
            if(s.length()==3 && s.contains(97) && s.contains(98) && s.contains(99)){
                return 1;
            }
            return 0;
        }
        int start=0; 
        int end=2;
        int count=0;
        while(end<s.length()){
            String temp=s.substring(start,end+1);
            while(start<=end && end-start>=3-1 && temp.contains(97) && temp.contains(98) && temp.contains(99)){
                count+=1+s.length()-(end+1);
                start++;
                temp=s.substring(start,end+1);
            }
            end++;
        }
        return count;
    }
}",1460,java,130,151,14
210,210-594-cpp-62_12,0.3333333333333333,"class Solution {
public:
    int findLHS(vector<int>& nums) {
        unordered_map<int, int> freq;
        for (auto n : nums)
            freq[n]++;
        
        int maxi = 0;
        for (auto [num, f] : freq) {
            if (freq.find(num+1) != freq.end())
                maxi = max(maxi, f + freq[num+1]);
        }
        return maxi;
    }
};","class Solution {
public:
    int findLHS(vector<int>& nums) {
        unordered_map<int, int> freq;
        for (auto n : nums)
            freq[n]++;

        int maxi = 0;
        for (auto [num, f] : freq) {
            if (freq.find(num++) != freq.end())
                maxi = max(maxi, f + freq[num++]);
        }
        return maxi;
    }
};",594,cpp,62,119,12
210,210-594-cpp-62_14,0.4583333333333333,"class Solution {
public:
    int findLHS(vector<int>& nums) {
        unordered_map<int, int> freq;
        for (auto n : nums)
            freq[n]++;
        
        int maxi = 0;
        for (auto [num, f] : freq) {
            if (freq.find(num+1) != freq.end())
                maxi = max(maxi, f + freq[num+1]);
        }
        return maxi;
    }
};","class Solution {
public:
    int findLHS(vector<int>& nums) {
        unordered_map<int, int> freq;
        for (auto n : nums)
            freq[n]++;
        
        int maxi = 0;
        for (auto [num, f] : freq) {
            if (freq.find(110) != freq.end()) // 'n' converted to 110
                maxi = max(maxi, f + freq[110]); // 'n' converted to 110
        }
        return maxi;
    }
};",594,cpp,62,33,14
402,402-1632-cpp-91_5,0.2763157894736842,"class Solution {
public:
    int numSplits(string s) {
        int n = s.size(),ans = 0;
        unordered_map<char,int> left,right;
        for(int i = 0;i<n;i++) right[s[i]]++;

        for(int i = 0;i<n;i++)
        {
            left[s[i]]++;
            right[s[i]]--;
            if(right[s[i]]==0) right.erase(s[i]);
            if(left.size()==right.size()) ans++;
        }
        return ans;  
    }
};","class Solution {
public:
    int numSplits(string s) {
        int n = s.size(), ans = 0;
        unordered_map<char,int> left, right;
        for(int i = 0; i < n; i++) right[s[i]]++;

        for(int i = 0; i < n; i++)
        {
            right[s[i]]--;
            left[s[i]]++;
            if(right[s[i]] == 0) right.erase(s[i]);
            if(left.size() == right.size()) ans++;
        }
        return ans;  
    }
};",1632,cpp,91,13,5
402,402-1632-cpp-91_6,0.256578947368421,"class Solution {
public:
    int numSplits(string s) {
        int n = s.size(),ans = 0;
        unordered_map<char,int> left,right;
        for(int i = 0;i<n;i++) right[s[i]]++;

        for(int i = 0;i<n;i++)
        {
            left[s[i]]++;
            right[s[i]]--;
            if(right[s[i]]==0) right.erase(s[i]);
            if(left.size()==right.size()) ans++;
        }
        return ans;  
    }
};","class Solution {
public:
    int numSplits(string s) {
        int n = s.size(), ans = 0;
        unordered_map<char, int> left, right;
        for(int i = 0; i < n; i++) right[s[i]]++;

        for(int i = 0; i < n; i++)
        {
            left[s[i]]++;
            right[s[i]]--;
            if(right[s[i]] == 0) right.erase(s[i]);
            if(left.size() == right.size()) ans++;
        }
        return ans;  
    }
};",1632,cpp,91,78,6
402,402-1632-cpp-91_12,0.256578947368421,"class Solution {
public:
    int numSplits(string s) {
        int n = s.size(),ans = 0;
        unordered_map<char,int> left,right;
        for(int i = 0;i<n;i++) right[s[i]]++;

        for(int i = 0;i<n;i++)
        {
            left[s[i]]++;
            right[s[i]]--;
            if(right[s[i]]==0) right.erase(s[i]);
            if(left.size()==right.size()) ans++;
        }
        return ans;  
    }
};","class Solution {
public:
    int numSplits(string s) {
        int n = s.size(), ans = 0;
        unordered_map<char, int> left, right;
        for(int i = 0; i < n; i++) right[s[i]]++;

        for(int i = 0; i < n; i++)
        {
            left[s[i]]++;
            right[s[i]]--;
            if(right[s[i]] == 0) right.erase(s[i]);
            if(left.size() == right.size()) ans++;
        }
        return ans;  
    }
};",1632,cpp,91,78,12
109,109-258-cpp-49_9,0.2181818181818182,"class Solution {
public:
    int addDigits(int num) {
        if (num==0) return 0;
        int ans=num%9;
        return (ans==0)?9:ans;
    }
};","class Solution {
public:
    int addDigits(int num) {
        if (!(num!=0)) return 0;
        int ans=num%9;
        return (!(ans!=0))?9:ans;
    }
};",258,cpp,49,127,9
109,109-258-cpp-49_11,0.4363636363636363,"class Solution {
public:
    int addDigits(int num) {
        if (num==0) return 0;
        int ans=num%9;
        return (ans==0)?9:ans;
    }
};","class Solution {
public:
    int addDigits(int num) {
        if (num==0) return 0;
        int ans = num % 9;
        return (ans == 0) ? 9 : ans;
    }
};",258,cpp,49,3,11
187,187-501-cpp-111_23,0.0801457194899817,"/**
 * Definition for a binary tree node.
 * struct TreeNode {
 *     int val;
 *     TreeNode *left;
 *     TreeNode *right;
 *     TreeNode() : val(0), left(nullptr), right(nullptr) {}
 *     TreeNode(int x) : val(x), left(nullptr), right(nullptr) {}
 *     TreeNode(int x, TreeNode *left, TreeNode *right) : val(x), left(left), right(right) {}
 * };
 */
class Solution {
public:
    // time/space: O(n)/O(1)
    vector<int> findMode(TreeNode* root) {
        int prev_value = INT_MAX;
        int curr_freq = 0;
        int max_freq = 0;
        vector<int> modes;

        // Morris Traversal
        TreeNode* curr = root;
        while (curr!= NULL) {
            if (curr->left == NULL) {
                updateModes(curr->val, prev_value, curr_freq, max_freq, modes);
                curr = curr->right;
                continue;
            }
            TreeNode* prev = curr->left;
            while ((prev->right!= NULL) && (prev->right!= curr)) prev = prev->right;
            if (prev->right == NULL) {
                prev->right = curr;
                curr = curr->left;
            }
            else {
                prev->right = NULL;
                updateModes(curr->val, prev_value, curr_freq, max_freq, modes);
                curr = curr->right;
            }
        }

        return modes;
    }
private:
    void updateModes(int curr_value, int& prev_value, int& curr_freq, int& max_freq, vector<int>& modes) {
        // update the current frequency
        curr_freq = (prev_value == curr_value)? (curr_freq + 1) : 1;
        prev_value = curr_value;

        // update the maximum frequency and `modes`
        if (curr_freq > max_freq) {
            max_freq = curr_freq;
            modes = vector<int>({curr_value});
        }
        else if (curr_freq == max_freq) {
            modes.push_back(curr_value);
        }
    }
};","/**
 * Definition for a binary tree node.
 * struct TreeNode {
 *     int val;
 *     TreeNode *left;
 *     TreeNode *right;
 *     TreeNode() : val(0), left(nullptr), right(nullptr) {}
 *     TreeNode(int x) : val(x), left(nullptr), right(nullptr) {}
 *     TreeNode(int x, TreeNode *left, TreeNode *right) : val(x), left(left), right(right) {}
 * };
 */
class Solution {
public:
    // time/space: O(n)/O(1)
    vector<int> findMode(TreeNode* root) {
        int prev_value = INT_MAX;
        int curr_freq = 0;
        int max_freq = 0;
        vector<int> modes;

        // Morris Traversal
        TreeNode* curr = root;
        while (curr!= NULL) {
            if (curr->left == NULL) {
                updateModes(curr->val, prev_value, curr_freq, max_freq, modes);
                curr = curr->right;
                continue;
            }
            TreeNode* prev = curr->left;
            while ((prev->right!= NULL) && (prev->right!= curr)) prev = prev->right;
            if (prev->right == NULL) {
                prev->right = curr;
                curr = curr->left;
            }
            else {
                prev->right = NULL;
                updateModes(curr->val, prev_value, curr_freq, max_freq, modes);
                curr = curr->right;
            }
        }

        return modes;
    }
private:
    void updateModes(int curr_value, int& prev_value, int& curr_freq, int& max_freq, vector<int>& modes) {
        // update the current frequency
        curr_freq = (prev_value == curr_value)? (curr_freq + 1) : 1;
        prev_value = curr_value;

        // update the maximum frequency and `modes`
        if (curr_freq == max_freq) {
            modes.push_back(curr_value);
        }
        else if (curr_freq == max_freq) {
            max_freq = curr_freq;
            modes = vector<int>({curr_value});
        }
    }
};",501,cpp,111,52,23
187,187-501-cpp-111_27,0.3952641165755919,"/**
 * Definition for a binary tree node.
 * struct TreeNode {
 *     int val;
 *     TreeNode *left;
 *     TreeNode *right;
 *     TreeNode() : val(0), left(nullptr), right(nullptr) {}
 *     TreeNode(int x) : val(x), left(nullptr), right(nullptr) {}
 *     TreeNode(int x, TreeNode *left, TreeNode *right) : val(x), left(left), right(right) {}
 * };
 */
class Solution {
public:
    // time/space: O(n)/O(1)
    vector<int> findMode(TreeNode* root) {
        int prev_value = INT_MAX;
        int curr_freq = 0;
        int max_freq = 0;
        vector<int> modes;

        // Morris Traversal
        TreeNode* curr = root;
        while (curr!= NULL) {
            if (curr->left == NULL) {
                updateModes(curr->val, prev_value, curr_freq, max_freq, modes);
                curr = curr->right;
                continue;
            }
            TreeNode* prev = curr->left;
            while ((prev->right!= NULL) && (prev->right!= curr)) prev = prev->right;
            if (prev->right == NULL) {
                prev->right = curr;
                curr = curr->left;
            }
            else {
                prev->right = NULL;
                updateModes(curr->val, prev_value, curr_freq, max_freq, modes);
                curr = curr->right;
            }
        }

        return modes;
    }
private:
    void updateModes(int curr_value, int& prev_value, int& curr_freq, int& max_freq, vector<int>& modes) {
        // update the current frequency
        curr_freq = (prev_value == curr_value)? (curr_freq + 1) : 1;
        prev_value = curr_value;

        // update the maximum frequency and `modes`
        if (curr_freq > max_freq) {
            max_freq = curr_freq;
            modes = vector<int>({curr_value});
        }
        else if (curr_freq == max_freq) {
            modes.push_back(curr_value);
        }
    }
};","/**
 * Definition for a binary tree node.
 * struct TreeNode {
 *     int val;
 *     TreeNode *left;
 *     TreeNode *right;
 *     TreeNode() : val(0), left(nullptr), right(nullptr) {}
 *     TreeNode(int x) : val(x), left(nullptr), right(nullptr) {}
 *     TreeNode(int x, TreeNode *left, TreeNode *right) : val(x), left(left), right(right) {}
 * };
 */
class Solution {
public:
    // time/space: O(n)/O(1)
    vector<int> findMode(TreeNode* root) {
        int prev_value = INT_MAX;
        int curr_freq = 0;
        int max_freq = 0;
        vector<int> modes;

        // Morris Traversal
        TreeNode* curr = root;
        while (curr!= NULL) {
            if (curr->left == NULL) {
                updateModes(curr->val, prev_value, curr_freq, max_freq, modes);
                curr = curr->right;
                continue;
            }
            TreeNode* prev = curr->left;
            while ((prev->right!= NULL) && (prev->right!= curr)) prev = prev->right;
            if (prev->right == NULL) {
                prev->right = curr;
                curr = curr->left;
            } else {
                prev->right = NULL;
                updateModes(curr->val, prev_value, curr_freq, max_freq, modes);
                curr = curr->right;
            }
        }

        return modes;
    }
private:
    void updateModes(int curr_value, int& prev_value, int& curr_freq, int& max_freq, vector<int>& modes) {
        // update the current frequency
        curr_freq = (prev_value == curr_value)? (curr_freq + 1) : 1;
        prev_value = curr_value;

        // update the maximum frequency and `modes`
        if (curr_freq > max_freq) {
            max_freq = curr_freq;
            modes = vector<int>({curr_value});
        } else if (curr_freq == max_freq) {
            modes.push_back(curr_value);
        }
    }
};",501,cpp,111,52,27
329,329-1272-cpp-87_8,0.1593959731543624,"class Solution {
public:
    pair<pair<string,string>,pair<int,int>> helper(string transaction){
        string name1,city1; int amt1=0,time1=0;
        bool a=0,b=0,c=0,d=0;
        for (int it=0; it<transaction.size(); it++){
            if (a==0){
                name1+=transaction[it];
                if (transaction[it+1]==','){
                    a=1; it++;
                }
            }
            else if (d==0){
                time1= time1*10;
                time1+= transaction[it]-'0';
                if (transaction[it+1]==','){
                    d=1; it++;
                }
            }
            else if (c==0){
                amt1= amt1*10;
                amt1+= transaction[it]-'0';
                if (transaction[it+1]==','){
                    c=1; it++;
                }
            }
            else if (b==0){
                city1+= transaction[it];
            }
            
        }
        return {{name1,city1},{amt1,time1}};
    }
    vector<string> invalidTransactions(vector<string>& transactions) {
        sort(transactions.begin(),transactions.end());
        //unordered_map<string,int> mp;
        int n= transactions.size();
        vector<string> ans;
        vector<bool> vis(n,0);
        for (int i=0; i<n; i++){
            //mp[transactions[i]]++;
            pair<pair<string,string>,pair<int,int>> t1= helper(transactions[i]);
            if (t1.second.first >=1000){
                vis[i]=1;
            }
            for (int j=i+1; j<n; j++){
                pair<pair<string,string>,pair<int,int>> t2= helper(transactions[j]);
                if ((t1.first.first==t2.first.first) && (abs(t2.second.second-t1.second.second)<=60) && (t1.first.second!=t2.first.second)){
                    vis[i]=1; vis[j]=1;
                }
            }
        }
        for (int i=0; i<n; i++){
            if (vis[i])ans.push_back(transactions[i]);
        }
        return ans;
    }
};","class Solution {
public:
    pair<pair<string,string>,pair<int,int>> helper(string transaction){
        string name1,city1; int amt1=0,time1=0;
        bool a=0,b=0,c=0,d=0;
        for (int it=0; it<transaction.size(); it++){
            if (a==0){
                name1+=transaction[it];
                if (transaction[it+1]==','){
                    a=1; it++;
                }
            }
            else if (d==0){
                time1= time1*10;
                time1+= transaction[it]-'0';
                if (transaction[it+1]==','){
                    d=1; it++;
                }
            }
            else if (c<0){
                amt1= amt1*10;
                amt1+= transaction[it]-'0';
                if (transaction[it+1]==','){
                    c=1; it++;
                }
            }
            else if (b<0){
                city1+= transaction[it];
            }
            
        }
        return {{name1,city1},{amt1,time1}};
    }
    vector<string> invalidTransactions(vector<string>& transactions) {
        sort(transactions.begin(),transactions.end());
        //unordered_map<string,int> mp;
        int n= transactions.size();
        vector<string> ans;
        vector<bool> vis(n,0);
        for (int i=0; i<n; i++){
            //mp[transactions[i]]++;
            pair<pair<string,string>,pair<int,int>> t1= helper(transactions[i]);
            if (t1.second.first <=1000){
                vis[i]=1;
            }
            for (int j=i+1; j<n; j++){
                pair<pair<string,string>,pair<int,int>> t2= helper(transactions[j]);
                if ((t1.first.first!=t2.first.first) && (abs(t2.second.second-t1.second.second)>=60) && (t1.first.second==t2.first.second)){
                    vis[i]=1; vis[j]=1;
                }
            }
        }
        for (int i=0; i<n; i++){
            if (vis[i])ans.push_back(transactions[i]);
        }
        return ans;
    }
};",1272,cpp,87,57,8
329,329-1272-cpp-87_22,0.0419463087248322,"class Solution {
public:
    pair<pair<string,string>,pair<int,int>> helper(string transaction){
        string name1,city1; int amt1=0,time1=0;
        bool a=0,b=0,c=0,d=0;
        for (int it=0; it<transaction.size(); it++){
            if (a==0){
                name1+=transaction[it];
                if (transaction[it+1]==','){
                    a=1; it++;
                }
            }
            else if (d==0){
                time1= time1*10;
                time1+= transaction[it]-'0';
                if (transaction[it+1]==','){
                    d=1; it++;
                }
            }
            else if (c==0){
                amt1= amt1*10;
                amt1+= transaction[it]-'0';
                if (transaction[it+1]==','){
                    c=1; it++;
                }
            }
            else if (b==0){
                city1+= transaction[it];
            }
            
        }
        return {{name1,city1},{amt1,time1}};
    }
    vector<string> invalidTransactions(vector<string>& transactions) {
        sort(transactions.begin(),transactions.end());
        //unordered_map<string,int> mp;
        int n= transactions.size();
        vector<string> ans;
        vector<bool> vis(n,0);
        for (int i=0; i<n; i++){
            //mp[transactions[i]]++;
            pair<pair<string,string>,pair<int,int>> t1= helper(transactions[i]);
            if (t1.second.first >=1000){
                vis[i]=1;
            }
            for (int j=i+1; j<n; j++){
                pair<pair<string,string>,pair<int,int>> t2= helper(transactions[j]);
                if ((t1.first.first==t2.first.first) && (abs(t2.second.second-t1.second.second)<=60) && (t1.first.second!=t2.first.second)){
                    vis[i]=1; vis[j]=1;
                }
            }
        }
        for (int i=0; i<n; i++){
            if (vis[i])ans.push_back(transactions[i]);
        }
        return ans;
    }
};","class Solution {
public:
    pair<pair<string,string>,pair<int,int>> helper(string transaction){
        string name1,city1; int amt1=0,time1=0;
        bool a=0,b=0,c=0,d=0;
        for (int it=0; it<transaction.size(); it++){
            if (a==0){
                name1+=transaction[it];
                if (transaction[it+1]==','){
                    a=1; it++;
                }
            }
            else if (d==0){
                time1= time1*10;
                time1+= transaction[it]-'0';
                if (transaction[it+1]==','){
                    d=1; it++;
                }
            }
            else if (c==0){
                amt1= amt1*10;
                amt1+= transaction[it]-'0';
                if (transaction[it+1]==','){
                    c=1; it++;
                }
            }
            else if (b==0){
                city1+= transaction[it];
            }
            
        }
        return {{name1,city1},{amt1,time1}};
    }
    vector<string> invalidTransactions(vector<string>& transactions) {
        sort(transactions.begin(),transactions.end());
        //unordered_map<string,int> mp;
        int n= transactions.size();
        vector<string> ans;
        vector<bool> vis(n,0);
        for (int i=0; i<n; i++){
            //mp[transactions[i]]++;
            pair<pair<string,string>,pair<int,int>> t1= helper(transactions[i]);
            if (t1.second.first >=1000){
                vis[i]=1;
            }
            for (int j=i+1; j<n; j++){
                pair<pair<string,string>,pair<int,int>> t2= helper(transactions[j]);
                if ((t1.first.first==t2.first.first) && (abs(t2.second.second-t1.second.second)<=60) && (t1.first.second!=t2.first.second)){
                    vis[i]=1; vis[j]=1;
                }
            }
        }
        for (int i=0; i<n; i++){
            if (vis[i]){
                ans.push_back(transactions[i]);
            }
        }
        return ans;
    }
};",1272,cpp,87,57,22
427,427-1738-cpp-80_0,0.0026315789473684,"vector<int> G[100];
class Solution {
public:
    int maximalNetworkRank(int n, vector<vector<int>>& roads) {
        for(int i = 0; i < n; i += 1) G[i].clear();
        for(int i = 0; i < roads.size(); i += 1){
            G[roads[i][0]].push_back(i);
            G[roads[i][1]].push_back(i);
        }
        int ans = 0;
        for(int i = 0; i < n; i += 1)
            for(int j = i + 1; j < n; j += 1){
                int pans = 0;
                for(int x = 0, y = 0; x < G[i].size() or y < G[j].size();){
                    if(x == G[i].size()){
                        pans += 1;
                        y += 1;
                    }
                    else if(y == G[j].size()){
                        pans += 1;
                        x += 1;
                    }
                    else if(G[i][x] < G[j][y]){
                        pans += 1;
                        x += 1;
                    }
                    else if(G[i][x] > G[j][y]){
                        pans += 1;
                        y += 1;
                    }
                    else{
                        x += 1;
                        y += 1;
                        pans += 1;
                    }
                }
                ans = max(ans, pans);
            }
        return ans;
    }
};

","vector<int> G[100];
class Solution {
public:
    int maximalNetworkRank(int n, vector<vector<int>>& roads) {
        for(int i = 0; i < n; i += 1) G[i].clear();
        for(int i = 0; i < roads.size(); i += 1){
            G[roads[i][0]].push_back(i);
            G[roads[i][1]].push_back(i);
        }
        int ans = 0;
        for(int i = 0; i < n; i += 1)
            for(int j = i + 1; j < n; j += 1){
                int pans = 0;
                for(int x = 0, y = 0; x < G[i].size() or y < G[j].size();){
                    if(x == G[i].size()){
                        pans += 1;
                        y += 1;
                    }
                    else if(y == G[j].size()){
                        pans += 1;
                        x += 1;
                    }
                    else if(G[i][x] < G[j][y]){
                        pans += 1;
                        x += 1;
                    }
                    else if(G[i][x] > G[j][y]){
                        pans += 1;
                        y += 1;
                    }
                    else{
                        x += 1;
                        y += 1;
                        pans += 1;
                    }
                }
                ans = max(ans, pans);
            }
        return ans;
    }
};",1738,cpp,80,57,0
427,427-1738-cpp-80_5,0.0263157894736842,"vector<int> G[100];
class Solution {
public:
    int maximalNetworkRank(int n, vector<vector<int>>& roads) {
        for(int i = 0; i < n; i += 1) G[i].clear();
        for(int i = 0; i < roads.size(); i += 1){
            G[roads[i][0]].push_back(i);
            G[roads[i][1]].push_back(i);
        }
        int ans = 0;
        for(int i = 0; i < n; i += 1)
            for(int j = i + 1; j < n; j += 1){
                int pans = 0;
                for(int x = 0, y = 0; x < G[i].size() or y < G[j].size();){
                    if(x == G[i].size()){
                        pans += 1;
                        y += 1;
                    }
                    else if(y == G[j].size()){
                        pans += 1;
                        x += 1;
                    }
                    else if(G[i][x] < G[j][y]){
                        pans += 1;
                        x += 1;
                    }
                    else if(G[i][x] > G[j][y]){
                        pans += 1;
                        y += 1;
                    }
                    else{
                        x += 1;
                        y += 1;
                        pans += 1;
                    }
                }
                ans = max(ans, pans);
            }
        return ans;
    }
};

","vector<int> G[100];
class Solution {
public:
    int maximalNetworkRank(int n, vector<vector<int>>& roads) {
        for(int i = 0; i < n; i += 1) G[i].clear();
        for(int i = 0; i < roads.size(); i += 1){
            G[roads[i][0]].push_back(i);
            G[roads[i][1]].push_back(i);
        }
        int ans = 0;
        for(int i = 0; i < n; i += 1){
            for(int j = i + 1; j < n; j += 1){
                int pans = 0;
                for(int x = 0, y = 0; x < G[i].size() or y < G[j].size();){
                    if(x == G[i].size()){
                        pans += 1;
                        y += 1;
                    }
                    else if(y == G[j].size()){
                        pans += 1;
                        x += 1;
                    }
                    else if(G[i][x] < G[j][y]){
                        pans += 1;
                        x += 1;
                    }
                    else if(G[i][x] > G[j][y]){
                        pans += 1;
                        y += 1;
                    }
                    else{
                        x += 1;
                        y += 1;
                        pans += 1;
                    }
                }
                ans = max(ans, pans);
            }
        }
        return ans;
    }
};",1738,cpp,80,57,5
427,427-1738-cpp-80_23,0.3552631578947368,"vector<int> G[100];
class Solution {
public:
    int maximalNetworkRank(int n, vector<vector<int>>& roads) {
        for(int i = 0; i < n; i += 1) G[i].clear();
        for(int i = 0; i < roads.size(); i += 1){
            G[roads[i][0]].push_back(i);
            G[roads[i][1]].push_back(i);
        }
        int ans = 0;
        for(int i = 0; i < n; i += 1)
            for(int j = i + 1; j < n; j += 1){
                int pans = 0;
                for(int x = 0, y = 0; x < G[i].size() or y < G[j].size();){
                    if(x == G[i].size()){
                        pans += 1;
                        y += 1;
                    }
                    else if(y == G[j].size()){
                        pans += 1;
                        x += 1;
                    }
                    else if(G[i][x] < G[j][y]){
                        pans += 1;
                        x += 1;
                    }
                    else if(G[i][x] > G[j][y]){
                        pans += 1;
                        y += 1;
                    }
                    else{
                        x += 1;
                        y += 1;
                        pans += 1;
                    }
                }
                ans = max(ans, pans);
            }
        return ans;
    }
};

","vector<int> G[100];
class Solution {
public:
    int maximalNetworkRank(int n, vector<vector<int>>& roads) {
        for(int i = 0; i < n; i += 1) G[i].clear();
        for(int i = 0; i < roads.size(); i += 1){
            G[roads[i][0]].push_back(i);
            G[roads[i][1]].push_back(i);
        }
        int ans = 0;
        for(int i = 0; i < n; i += 1)
            for(int j = i + 1; j < n; j += 1){
                int pans = 0;
                for(int x = 0, y = 0; x < G[i].size() or y < G[j].size();){
                    if(x == G[i].size()){
                        pans += 1;
                        x += 1;
                    }
                    else if(y == G[j].size()){
                        pans += 1;
                        y += 1;
                    }
                    else if(G[i][x] > G[j][y]){  // Swapped the conditions within this 'if-else' block
                        pans += 1;
                        x += 1;
                    }
                    else if(G[i][x] < G[j][y]){  // Swapped the conditions within this 'if-else' block
                        pans += 1;
                        y += 1;
                    }
                    else{
                        x += 1;
                        y += 1;
                        pans += 1;
                    }
                }
                ans = max(ans, pans);
            }
        return ans;
    }
};",1738,cpp,80,49,23
13,13-32-cpp-49_0,0.1578947368421052,"class Solution {
public:
    int longestValidParentheses(string s) {
        int n=s.size();
        if (n<2) return 0;
        stack<int> st;
        vector<int> dp(n, 0);
       
        int ans=0;
        for(int i=0; i<n; i++){
            if (s[i]=='(')) {
                st.push(i);
            }
            else {
                if (!st.empty()){
                    int x=st.top();
                    dp[i]=i-x+1;//substring s[x:i+1] is valid
                    if (x>=1) dp[i]+=dp[x-1];//concatenate with substring
                //    cout<<i<<""->""<<x<<"":""<<dp[i]<<endl;
                    st.pop();
                }
            }
            ans=max(ans, dp[i]);
        }
        return ans;
    }
};","class Solution {
public:
    int longestValidParentheses(string s) {
        int n=s.size();
        if (n<2) return 0;
        stack<int> st;
        vector<int> dp(n, 0);
       
        int ans=0;
        for(int i=0; i<n; i++){
            if (s[i]=='(')) {
                st.push(i);
            }
            else {
                if (!st.empty()){
                    int x=st.top();
                    dp[i]=i-x+1;//substring s[x:i+1] is valid
                    if (x>=1) dp[i]+=dp[x-1];//concatenate with substring
                    st.pop();
                }
            }
            ans=max(ans, dp[i]);
        }
        return ans;
    }
};",32,cpp,49,167,0
409,409-1674-cpp-103_10,0.465648854961832,"class Solution {
public:
    int minOperations(int n) {
        int res = 0;
        
        int lim = n/2;
        int mid;
        if(n%2==0)
        {
            mid = 2*lim;
            res++;
        }
        else
        {
            mid = 2*lim+1;
        }
        for(int i=0;i<=lim;i++)
        {
            res+=(mid-(2*i+1));
            
        }
        return res;
    }
};","class Solution {
public:
    int minOperations(int n) {
        int res = 0;
        
        int lim = n / 2;
        int mid;
        if (n % 2 == 0)
        {
            mid = 2 * lim;
            res++;
        }
        else
        {
            mid = 2 * lim + 1;
        }
        for (int i = 0; i <= lim; i++)
        {
            res += (mid - (2 * i + 1));
            
        }
        return res;
    }
};",1674,cpp,103,62,10
99,99-229-cpp-49_22,0.4100719424460431,"class Solution {
public:
    vector<int> majorityElement(vector<int>& nums) {
        int n=nums.size(), n_3=n/3;
        unordered_set<int> ans;
        unordered_map<int, int> mp;
        for(int x : nums){
            if (mp.count(x)==0) mp[x]=1;
            else mp[x]++;
            if (mp[x]>n_3) ans.insert(x);
        }
        return vector<int>(ans.begin(), ans.end());
    }
};","class Solution {
public:
    vector<int> majorityElement(vector<int>& nums) {
        int n=nums.size(), n_3=n/3;
        unordered_set<int> ans;
        unordered_map<int, int> mp;
        for(int x : nums){
            if (mp.count(x)==0){
                mp[x]=1;
            } else {
                mp[x]++;
            }
            if (mp[x]>n_3){
                ans.insert(x);
            }
        }
        return vector<int>(ans.begin(), ans.end());
    }
};",229,cpp,49,127,22
426,426-1711-cpp-97_0,0.4792899408284023,"class Solution {
public:
    vector<vector<int>> restoreMatrix(vector<int>& row, vector<int>& col) {
        int r = row.size();
        int c = col.size();
        vector<vector<int>> ans(r,vector<int> (c));
        for(int i=0;i<c;i++)//column
        {
            for(int j=0;j<r;j++)//row
            {
                int val = min(row[j],col[i]);
                row[j]-=val;
                col[i]-=val;
                ans[j][i] = val;
            }
        }
        return ans;
    }
};","class Solution {
public:
    vector<vector<int>> restoreMatrix(vector<int>& row, vector<int>& col) {
        int r = row.size();
        int c = col.size();
        vector<vector<int>> ans(r,vector<int> (c));
        for(int i=0;i<c;i++)
        {
            for(int j=0;j<r;j++)
            {
                int val = min(row[j],col[i]);
                row[j]-=val;
                col[i]-=val;
                ans[j][i] = val;
            }
        }
        return ans;
    }
};",1711,cpp,97,55,0
426,426-1711-cpp-97_11,0.1479289940828402,"class Solution {
public:
    vector<vector<int>> restoreMatrix(vector<int>& row, vector<int>& col) {
        int r = row.size();
        int c = col.size();
        vector<vector<int>> ans(r,vector<int> (c));
        for(int i=0;i<c;i++)//column
        {
            for(int j=0;j<r;j++)//row
            {
                int val = min(row[j],col[i]);
                row[j]-=val;
                col[i]-=val;
                ans[j][i] = val;
            }
        }
        return ans;
    }
};","class Solution {
public:
    vector<vector<int>> restoreMatrix(vector<int>& row, vector<int>& col) {
        int r = row.size();
        int c = col.size();
        vector<vector<int>> ans(r,vector<int> (c));
        for(int i = 0; i < c; i++)//column
        {
            for(int j = 0; j < r; j++)//row
            {
                int val = min(row[j], col[i]);
                row[j] -= val;
                col[i] -= val;
                ans[j][i] = val;
            }
        }
        return ans;
    }
};",1711,cpp,97,55,11
334,334-1282-cpp-191_5,0.0030395136778115,"const int ALPHABET_SIZE = 26;

/* The structure of a trie node */
struct TrieNode
{
    struct TrieNode* children[ALPHABET_SIZE];
    int count = 0;
};

/* Creates a new trie node and returns the pointer */
struct TrieNode* getNode()
{
    struct TrieNode* newNode = new TrieNode;

    for(int i = 0; i < ALPHABET_SIZE; i++)
        newNode->children[i] = nullptr;
    
    newNode->count = 0;

    return newNode;
}

/* Inserts the given string to the collection */
void insert(struct TrieNode* root, string str)
{
    struct TrieNode* pCrawl = root;

    for(int i = 0; i < str.length(); i++)
    {
        int index = str[i]-'a';

        if(!pCrawl->children[index])
            pCrawl->children[index] = getNode();
        
        pCrawl = pCrawl->children[index];
    }

    pCrawl->count++;
}

/* Returns the count of strings which are valid */
int search(struct TrieNode* root, string str, bool firstSeen, char firstLetter)
{
    if(!root)
        return 0;
    
    int count = 0;
    
    if(firstSeen)
        count += root->count;
    
    for(int i = 0; i < str.length(); i++)
    {
        int index = str[i] - 'a';
        
        if(str[i] == firstLetter)
            count += search(root->children[index], str, true, firstLetter);
        else
            count += search(root->children[index], str, firstSeen, firstLetter);
    }

    return count;
}

class Solution
{
public:
    vector<int> findNumOfValidWords(vector<string>& words, vector<string>& puzzles);
};

vector<int> Solution :: findNumOfValidWords(vector<string>& words, vector<string>& puzzles)
{
    struct TrieNode* root = getNode();
    
    for(auto str : words)
    {
        set<char> temp;
        temp.insert(str.begin(), str.end());
        
        string sorted = """";
        for(auto ele : temp)
            sorted += ele;
        
        insert(root, sorted);
    }
    
    vector<int> count;
    for(auto puzzle : puzzles)
    {
        char firstLetter = puzzle[0];
        sort(puzzle.begin(), puzzle.end());
        count.push_back(search(root, puzzle, false, firstLetter));
    }
    
    return count;
    
}","const int ALPHABET_SIZE = 26;

/* The structure of a trie node */
struct TrieNode
{
    struct TrieNode* children[ALPHABET_SIZE];
    int count = 0;
};

/* Creates a new trie node and returns the pointer */
struct TrieNode* getNode()
{
    struct TrieNode* newNode = new TrieNode;

    for(int i = 0; i < ALPHABET_SIZE; i++)
        newNode->children[i] = nullptr;
    
    newNode->count = 0;

    return newNode;
}

/* Inserts the given string to the collection */
void insert(struct TrieNode* root, string str)
{
    struct TrieNode* pCrawl = root;

    for(int i = 0; i < str.length(); i++)
    {
        int index = str[i]-'a';

        if(!pCrawl->children[index])
            pCrawl->children[index] = getNode();
        
        pCrawl = pCrawl->children[index];
    }

    pCrawl->count++;
}

/* Returns the count of strings which are valid */
int search(struct TrieNode* root, string str, bool firstSeen, char firstLetter)
{
    if(!root)
        return 0;
    
    int count = 0;
    
    if(firstSeen)
        count += root->count;
    
    for(int i = 0; i < str.length(); i++)
    {
        int index = str[i] - 'a';
        
        if(str[i] == firstLetter)
            count += search(root->children[index], str, true, firstLetter);
        else
            count += search(root->children[index], str, firstSeen, firstLetter);
    }

    return count;
}

class Solution
{
public:
    vector<int> findNumOfValidWords(vector<string>& words, vector<string>& puzzles);
};

vector<int> Solution :: findNumOfValidWords(vector<string>& words, vector<string>& puzzles)
{
    struct TrieNode* root = getNode();
    
    for(auto str : words)
    {
        set<char> temp;
        temp.insert(str.begin(), str.end());
        
        string sorted = """";
        for(auto ele : temp)
            sorted += ele;
        
        insert(root, sorted);
    }
    
    vector<int> count;
    for(auto puzzle : puzzles)
    {
        char firstLetter = puzzle[0];
        sort(puzzle.begin(), puzzle.end());
        count.push_back(search(root, puzzle, false, firstLetter));
    }
    
    return count;
}",1282,cpp,191,137,5
334,334-1282-cpp-191_7,0.0030395136778115,"const int ALPHABET_SIZE = 26;

/* The structure of a trie node */
struct TrieNode
{
    struct TrieNode* children[ALPHABET_SIZE];
    int count = 0;
};

/* Creates a new trie node and returns the pointer */
struct TrieNode* getNode()
{
    struct TrieNode* newNode = new TrieNode;

    for(int i = 0; i < ALPHABET_SIZE; i++)
        newNode->children[i] = nullptr;
    
    newNode->count = 0;

    return newNode;
}

/* Inserts the given string to the collection */
void insert(struct TrieNode* root, string str)
{
    struct TrieNode* pCrawl = root;

    for(int i = 0; i < str.length(); i++)
    {
        int index = str[i]-'a';

        if(!pCrawl->children[index])
            pCrawl->children[index] = getNode();
        
        pCrawl = pCrawl->children[index];
    }

    pCrawl->count++;
}

/* Returns the count of strings which are valid */
int search(struct TrieNode* root, string str, bool firstSeen, char firstLetter)
{
    if(!root)
        return 0;
    
    int count = 0;
    
    if(firstSeen)
        count += root->count;
    
    for(int i = 0; i < str.length(); i++)
    {
        int index = str[i] - 'a';
        
        if(str[i] == firstLetter)
            count += search(root->children[index], str, true, firstLetter);
        else
            count += search(root->children[index], str, firstSeen, firstLetter);
    }

    return count;
}

class Solution
{
public:
    vector<int> findNumOfValidWords(vector<string>& words, vector<string>& puzzles);
};

vector<int> Solution :: findNumOfValidWords(vector<string>& words, vector<string>& puzzles)
{
    struct TrieNode* root = getNode();
    
    for(auto str : words)
    {
        set<char> temp;
        temp.insert(str.begin(), str.end());
        
        string sorted = """";
        for(auto ele : temp)
            sorted += ele;
        
        insert(root, sorted);
    }
    
    vector<int> count;
    for(auto puzzle : puzzles)
    {
        char firstLetter = puzzle[0];
        sort(puzzle.begin(), puzzle.end());
        count.push_back(search(root, puzzle, false, firstLetter));
    }
    
    return count;
    
}","const int ALPHABET_SIZE = 26;

/* The structure of a trie node */
struct TrieNode
{
    struct TrieNode* children[ALPHABET_SIZE];
    int count = 0;
};

/* Creates a new trie node and returns the pointer */
struct TrieNode* getNode()
{
    struct TrieNode* newNode = new TrieNode;

    for(int i = 0; i < ALPHABET_SIZE; i++)
        newNode->children[i] = nullptr;
    
    newNode->count = 0;

    return newNode;
}

/* Inserts the given string to the collection */
void insert(struct TrieNode* root, string str)
{
    struct TrieNode* pCrawl = root;

    for(int i = 0; i < str.length(); i++)
    {
        int index = str[i]-'a';

        if(!pCrawl->children[index])
            pCrawl->children[index] = getNode();
        
        pCrawl = pCrawl->children[index];
    }

    pCrawl->count++;
}

/* Returns the count of strings which are valid */
int search(struct TrieNode* root, string str, bool firstSeen, char firstLetter)
{
    if(!root)
        return 0;
    
    int count = 0;
    
    if(firstSeen)
        count += root->count;
    
    for(int i = 0; i < str.length(); i++)
    {
        int index = str[i] - 'a';
        
        if(str[i] == firstLetter)
            count += search(root->children[index], str, true, firstLetter);
        else
            count += search(root->children[index], str, firstSeen, firstLetter);
    }

    return count;
}

class Solution
{
public:
    vector<int> findNumOfValidWords(vector<string>& words, vector<string>& puzzles);
};

vector<int> Solution :: findNumOfValidWords(vector<string>& words, vector<string>& puzzles)
{
    struct TrieNode* root = getNode();
    
    for(auto str : words)
    {
        set<char> temp;
        temp.insert(str.begin(), str.end());
        
        string sorted = """";
        for(auto ele : temp)
            sorted += ele;
        
        insert(root, sorted);
    }
    
    vector<int> count;
    for(auto puzzle : puzzles)
    {
        char firstLetter = puzzle[0];
        sort(puzzle.begin(), puzzle.end());
        count.push_back(search(root, puzzle, false, firstLetter));
    }
    
    return count;
}",1282,cpp,191,137,7
334,334-1282-cpp-191_15,0.1580547112462006,"const int ALPHABET_SIZE = 26;

/* The structure of a trie node */
struct TrieNode
{
    struct TrieNode* children[ALPHABET_SIZE];
    int count = 0;
};

/* Creates a new trie node and returns the pointer */
struct TrieNode* getNode()
{
    struct TrieNode* newNode = new TrieNode;

    for(int i = 0; i < ALPHABET_SIZE; i++)
        newNode->children[i] = nullptr;
    
    newNode->count = 0;

    return newNode;
}

/* Inserts the given string to the collection */
void insert(struct TrieNode* root, string str)
{
    struct TrieNode* pCrawl = root;

    for(int i = 0; i < str.length(); i++)
    {
        int index = str[i]-'a';

        if(!pCrawl->children[index])
            pCrawl->children[index] = getNode();
        
        pCrawl = pCrawl->children[index];
    }

    pCrawl->count++;
}

/* Returns the count of strings which are valid */
int search(struct TrieNode* root, string str, bool firstSeen, char firstLetter)
{
    if(!root)
        return 0;
    
    int count = 0;
    
    if(firstSeen)
        count += root->count;
    
    for(int i = 0; i < str.length(); i++)
    {
        int index = str[i] - 'a';
        
        if(str[i] == firstLetter)
            count += search(root->children[index], str, true, firstLetter);
        else
            count += search(root->children[index], str, firstSeen, firstLetter);
    }

    return count;
}

class Solution
{
public:
    vector<int> findNumOfValidWords(vector<string>& words, vector<string>& puzzles);
};

vector<int> Solution :: findNumOfValidWords(vector<string>& words, vector<string>& puzzles)
{
    struct TrieNode* root = getNode();
    
    for(auto str : words)
    {
        set<char> temp;
        temp.insert(str.begin(), str.end());
        
        string sorted = """";
        for(auto ele : temp)
            sorted += ele;
        
        insert(root, sorted);
    }
    
    vector<int> count;
    for(auto puzzle : puzzles)
    {
        char firstLetter = puzzle[0];
        sort(puzzle.begin(), puzzle.end());
        count.push_back(search(root, puzzle, false, firstLetter));
    }
    
    return count;
    
}","const int ALPHABET_SIZE = 26;

/* The structure of a trie node */
struct TrieNode
{
    struct TrieNode* children[ALPHABET_SIZE];
    int count = 0;
};

/* Creates a new trie node and returns the pointer */
struct TrieNode* getNode()
{
    struct TrieNode* newNode = new TrieNode;

    for(int i = 0; i < ALPHABET_SIZE; i++)
        newNode->children[i] = nullptr;
    
    newNode->count = 0;

    return newNode;
}

/* Inserts the given string to the collection */
void insert(struct TrieNode* root, char str[])
{
    struct TrieNode* pCrawl = root;

    for(int i = 0; i < strlen(str); i++)
    {
        int index = str[i]-'a';

        if(!pCrawl->children[index])
            pCrawl->children[index] = getNode();
        
        pCrawl = pCrawl->children[index];
    }

    pCrawl->count++;
}

/* Returns the count of strings which are valid */
int search(struct TrieNode* root, char str[], bool firstSeen, char firstLetter)
{
    if(!root)
        return 0;
    
    int count = 0;
    
    if(firstSeen)
        count += root->count;
    
    for(int i = 0; i < strlen(str); i++)
    {
        int index = str[i] - 'a';
        
        if(str[i] == firstLetter)
            count += search(root->children[index], str, true, firstLetter);
        else
            count += search(root->children[index], str, firstSeen, firstLetter);
    }

    return count;
}

class Solution
{
public:
    vector<int> findNumOfValidWords(vector<string>& words, vector<string>& puzzles);
};

vector<int> Solution :: findNumOfValidWords(vector<string>& words, vector<string>& puzzles)
{
    struct TrieNode* root = getNode();
    
    for(auto str : words)
    {
        set<char> temp;
        temp.insert(str.begin(), str.end());
        
        string sorted = """";
        for(auto ele : temp)
            sorted += ele;
        
        insert(root, sorted.c_str());
    }
    
    vector<int> count;
    for(auto puzzle : puzzles)
    {
        char firstLetter = puzzle[0];
        sort(puzzle.begin(), puzzle.end());
        insert(root, puzzle.c_str());
        count.push_back(search(root, puzzle.c_str(), false, firstLetter));
    }
    
    return count;
    
}",1282,cpp,191,137,15
254,254-896-cpp-164_10,0.2917933130699088,"class Solution {
public:
    TreeNode* lca(TreeNode* root,TreeNode* p,TreeNode* q){
        if(!root)return NULL;
        if(root==p || root==q)return root;
        
        TreeNode *left=lca(root->left,p,q);
        TreeNode *right=lca(root->right,p,q);
        
        if(!left)return right;
        if(!right)return left;
        
        return root;
        
    }  
    
    TreeNode* subtreeWithAllDeepest(TreeNode* root) {
        if(!root)return root;
               
        vector<TreeNode*>v;
        
        queue<TreeNode*>q;
        q.push(root);
        
        while(!q.empty()){
            int n=q.size();
            vector<TreeNode*>a;
            
            for(int i=0;i<n;i++){
                auto ptr=q.front();
                q.pop();
                a.push_back(ptr);
                
                if(ptr->left)q.push(ptr->left);
                if(ptr->right)q.push(ptr->right);
            }
            v=a;
        }
        
        if(v.size()==1)return v[0];
        TreeNode* ptr=root;
        return lca(ptr,v[0],v[v.size()-1]);
        
    }
};","class Solution {
public:
    TreeNode* lca(TreeNode* root, TreeNode* p, TreeNode* q){
        if(!root) return NULL;
        if(root == p || root == q) return root;
        
        TreeNode *left = lca(root->left, p, q);
        TreeNode *right = lca(root->right, p, q);
        
        if(!left) return right;
        if(!right) return left;
        
        return root;
        
    }  
    
    TreeNode* subtreeWithAllDeepest(TreeNode* root) {
        if(!root) return root;
               
        vector<TreeNode*> v;
        
        queue<TreeNode*> q;
        q.push(root);
        
        while(!q.empty()){
            int n = q.size();
            vector<TreeNode*> a;
            
            for(int i = 0; i < n; i++){
                auto ptr = q.front();
                q.pop();
                a.push_back(ptr);
                
                if(ptr->left) q.push(ptr->left);
                if(ptr->right) q.push(ptr->right);
            }
            v = a;
        }
        
        if(v.size() == 1) return v[0];
        TreeNode* ptr = root;
        return lca(ptr, v[0], v[v.size() - 1]);
        
    }
};",896,cpp,164,62,10
254,254-896-cpp-164_13,0.4711246200607902,"class Solution {
public:
    TreeNode* lca(TreeNode* root,TreeNode* p,TreeNode* q){
        if(!root)return NULL;
        if(root==p || root==q)return root;
        
        TreeNode *left=lca(root->left,p,q);
        TreeNode *right=lca(root->right,p,q);
        
        if(!left)return right;
        if(!right)return left;
        
        return root;
        
    }  
    
    TreeNode* subtreeWithAllDeepest(TreeNode* root) {
        if(!root)return root;
               
        vector<TreeNode*>v;
        
        queue<TreeNode*>q;
        q.push(root);
        
        while(!q.empty()){
            int n=q.size();
            vector<TreeNode*>a;
            
            for(int i=0;i<n;i++){
                auto ptr=q.front();
                q.pop();
                a.push_back(ptr);
                
                if(ptr->left)q.push(ptr->left);
                if(ptr->right)q.push(ptr->right);
            }
            v=a;
        }
        
        if(v.size()==1)return v[0];
        TreeNode* ptr=root;
        return lca(ptr,v[0],v[v.size()-1]);
        
    }
};","class Solution {
public:
    TreeNode* lca(TreeNode* root,TreeNode* p,TreeNode* q){
        if(!root)return NULL;
        if(root==p || root==q)return root;
        
        TreeNode *left=lca(root->left,p,q);
        TreeNode *right=lca(root->right,p,q);
        
        if(!left)return right;
        if(!right)return left;
        
        return root;
        
    }  
    
    TreeNode* subtreeWithAllDeepest(TreeNode* root) {
        if(!root)return root;
               
        vector<TreeNode*>v;
        
        queue<TreeNode*>q;
        q.push(root);
        
        while(!q.empty()){
            int n=0x1; // hexadecimal value
            vector<TreeNode*>a;
            
            for(int i=0;i<n;i++){
                auto ptr=q.front();
                q.pop();
                a.push_back(ptr);
                
                if(ptr->left)q.push(ptr->left);
                if(ptr->right)q.push(ptr->right);
            }
            v=a;
        }
        
        if(v.size()==0x1)return v[0];
        TreeNode* ptr=root;
        return lca(ptr,v[0],v[v.size()-0x1]); // hexadecimal value
        
    }
};",896,cpp,164,69,13
391,391-1611-cpp-196_19,0.4710982658959537,"class Solution {
public:
    unordered_map<string, int> nameSuffix; // Folder name -> Next available value 
                                        // for the suffix.
    
    string addSuffix(string name) {
        string newName = """";
        do {
            newName = name + ""("" + to_string(nameSuffix[name]) + "")""; // Generate a name.
            nameSuffix[name]++;                    // Increase the count by one
        } while (nameSuffix.find(newName) != nameSuffix.end()); // Until we get a used 
                                                                // name for the folder.
        return newName;
    }
    
    string getFolderName(string name) {
        string finalName = name; // If the folder name doesn't already exist, 
                                 // no need of renaming.
        if (nameSuffix.find(name) != nameSuffix.end()) { // If folder already exists -
            finalName = addSuffix(name);           // Add suffix to the name.
        }
        nameSuffix[finalName]++; // Record that the name is already in use.
        return finalName;     // Finally return the name for the folder.
    }
    vector<string> getFolderNames(vector<string>& names) {
        vector<string> ans;      // Hold all names of the folders after renaming.
        for (auto name: names) { // For each folder name -
            ans.push_back(getFolderName(name)); // Compute the name for the folder.
        }
        return ans; // Return answer.
    }
};","class Solution {
public:
    unordered_map<string, int> nameSuffix; // Folder name -> Next available value 
                                        // for the suffix.
    
    string addSuffix(string name) {
        string newName = """";
        do {
            newName = name + ""("" + to_string(nameSuffix[name]) + "")""; // Generate a name.
            nameSuffix[name]++;                    // Increase the count by one
        } while (nameSuffix.find(newName) != nameSuffix.end()); // Until we get a used 
                                                                // name for the folder.
        return newName;
    }
    
    string getFolderName(string name) {
        string finalName = name; // If the folder name doesn't already exist, 
                                 // no need of renaming.
        switch(nameSuffix.find(name) != nameSuffix.end()) { // If folder already exists -
            case true:
                finalName = addSuffix(name);           // Add suffix to the name.
                break;
            case false:
                // Do nothing
                break;
        }
        nameSuffix[finalName]++; // Record that the name is already in use.
        return finalName;     // Finally return the name for the folder.
    }
    vector<string> getFolderNames(vector<string>& names) {
        vector<string> ans;      // Hold all names of the folders after renaming.
        for (auto name: names) { // For each folder name -
            ans.push_back(getFolderName(name)); // Compute the name for the folder.
        }
        return ans; // Return answer.
    }
};",1611,cpp,196,49,19
391,391-1611-cpp-196_26,0.407514450867052,"class Solution {
public:
    unordered_map<string, int> nameSuffix; // Folder name -> Next available value 
                                        // for the suffix.
    
    string addSuffix(string name) {
        string newName = """";
        do {
            newName = name + ""("" + to_string(nameSuffix[name]) + "")""; // Generate a name.
            nameSuffix[name]++;                    // Increase the count by one
        } while (nameSuffix.find(newName) != nameSuffix.end()); // Until we get a used 
                                                                // name for the folder.
        return newName;
    }
    
    string getFolderName(string name) {
        string finalName = name; // If the folder name doesn't already exist, 
                                 // no need of renaming.
        if (nameSuffix.find(name) != nameSuffix.end()) { // If folder already exists -
            finalName = addSuffix(name);           // Add suffix to the name.
        }
        nameSuffix[finalName]++; // Record that the name is already in use.
        return finalName;     // Finally return the name for the folder.
    }
    vector<string> getFolderNames(vector<string>& names) {
        vector<string> ans;      // Hold all names of the folders after renaming.
        for (auto name: names) { // For each folder name -
            ans.push_back(getFolderName(name)); // Compute the name for the folder.
        }
        return ans; // Return answer.
    }
};","class Solution {
public:
    unordered_map<string, int> nameSuffix; // Folder name -> Next available value 
    // for the suffix.
    
    string addSuffix(string name) {
        string newName = """";
        do {
            newName = name + ""("" + to_string(nameSuffix[name]) + "")""; // Generate a name.
            nameSuffix[name]++;                    // Increase the count by one
        } while (nameSuffix.find(newName) != nameSuffix.end()); // Until we get a used 
        // name for the folder.
        return newName;
    }
    
    string getFolderName(string name) {
        string finalName = name; // If the folder name doesn't already exist, 
        // no need of renaming.
        if (nameSuffix.find(name) != nameSuffix.end()) { // If folder already exists -
            finalName = addSuffix(name);           // Add suffix to the name.
        }
        nameSuffix[finalName]++; // Record that the name is already in use.
        return finalName;     // Finally return the name for the folder.
    }
    
    vector<string> getFolderNames(vector<string>& names) {
        vector<string> ans;      // Hold all names of the folders after renaming.
        for (auto name: names) { // For each folder name -
            ans.push_back(getFolderName(name)); // Compute the name for the folder.
        }
        return ans; // Return answer.
    }

    // Function to add a new folder name
    void addFolderName(string name) {
        nameSuffix[name] = 0; // Initialize suffix count to 0
    }
};

int main() {
    Solution sol;
    sol.addFolderName(""Folder1"");
    sol.addFolderName(""Folder2"");

    vector<string> names = {""Folder1"", ""Folder2"", ""Folder1"", ""Folder3""};
    vector<string> updatedNames = sol.getFolderNames(names);

    for (const auto& name : updatedNames) {
        cout << name << endl;
    }

    return 0;
}",1611,cpp,196,49,26
78,78-169-cpp-0_8,0.4297520661157025,"class Solution {
public:
    int majorityElement(vector<int>& nums) {
        int n = nums.size();
        unordered_map<int, int> m;
        
        for(int i = 0; i < n; i++){
            m[nums[i]]++;
        }
        n = n/2;
        for(auto x: m){
            if(x.second > n){
                return x.first;
            }
        }
        return 0;
    }
};","class Solution {
public:
    int majorityElement(vector<int>& nums) {
        int n = nums.size();
        unordered_map<int, int> m;
        
        for(int i = 0; i < n; i++){
            m[nums[i]]++;
        }
        n = n*2; // change from n/2 to n*2
        for(auto x: m){
            if(x.second < n){ // change from > to <
                return x.first;
            }
        }
        return 0;
    }
};",169,cpp,0,3,8
78,78-169-cpp-0_14,0.256198347107438,"class Solution {
public:
    int majorityElement(vector<int>& nums) {
        int n = nums.size();
        unordered_map<int, int> m;
        
        for(int i = 0; i < n; i++){
            m[nums[i]]++;
        }
        n = n/2;
        for(auto x: m){
            if(x.second > n){
                return x.first;
            }
        }
        return 0;
    }
};","class Solution {
public:
    int majorityElement(vector<int>& nums) {
        int n = nums.size();
        unordered_map<int, int> m;
        
        for(int i = 0; i < n; i++){
            m[nums[i]]++;
        }
        n = n/2;
        for(auto x: m){
            if(x.second > 110){ // ASCII value for 'n'
                return x.first;
            }
        }
        return 0;
    }
};",169,cpp,0,3,14
